run_dir,fold_id,model,base_model_1,base_model_2,alpha_model_1,long_threshold,short_threshold,accuracy,macro_f1,auc,brier,trade_rate,hit_rate,downstream_sharpe,downstream_mdd,downstream_total_return,cost_bps
icaif_real_news_costaware_main_20260805_021836_402223_seed42,0,ens_cgcma_timesnet,cgcma,timesnet_lite,0.45,0.6400000000000001,0.31999999999999995,0.5488126649076517,0.3794440667579497,0.5074171518137035,0.25282439756710073,0.1266490765171504,0.375,-2.3238276275385568,0.04468011745734367,-0.039105531731617474,5.0
icaif_real_news_costaware_main_20260805_021836_402223_seed42,1,ens_cgcma_timesnet,cgcma,timesnet_lite,0.9,0.5800000000000001,0.3499999999999999,0.5388739946380697,0.5388441633122484,0.5827140835102619,0.25655854251137944,0.1447721179624665,0.5370370370370371,0.9423190076595084,0.028412939409746873,0.028743884601677736,5.0
icaif_real_news_costaware_main_20260805_021836_402223_seed42,2,ens_cgcma_timesnet,cgcma,timesnet_lite,0.5,0.7000000000000002,0.40999999999999986,0.6430769230769231,0.6428030015917532,0.6637891694554305,0.23154570279858971,0.3353846153846154,0.6238532110091743,2.326128474219379,0.05249566730039387,0.1968145826322792,5.0
icaif_real_news_costaware_main_20260805_021836_402223_seed42,3,ens_cgcma_timesnet,cgcma,timesnet_lite,0.1,0.52,0.4699999999999998,0.6428571428571429,0.6156115271159519,0.6516493055555556,0.24495035084739378,0.29545454545454547,0.6483516483516484,2.822257230979329,0.02760547277828624,0.13664424752245807,5.0
icaif_real_news_costaware_main_20260805_021836_402223_seed42,4,ens_cgcma_timesnet,cgcma,timesnet_lite,0.0,0.52,0.29,0.61731843575419,0.6170764270043643,0.6762493367044355,0.24295779131692744,0.0,0.0,0.0,0.0,0.0,5.0
icaif_real_news_costaware_main_20260805_021836_402223_seed42,0,ens_cgcma_price,cgcma,price_only,0.5,0.6100000000000001,0.3799999999999999,0.5171503957783641,0.35045000327785947,0.4652093596059113,0.2548753396318104,0.19525065963060687,0.32432432432432434,-3.477206418186199,0.0758800679821442,-0.0736415236247818,5.0
icaif_real_news_costaware_main_20260805_021836_402223_seed42,1,ens_cgcma_price,cgcma,price_only,0.65,0.55,0.29,0.5335120643431636,0.5332403198895346,0.5779075253597546,0.25797188896320106,0.04825737265415549,0.6111111111111112,1.5712682870884784,0.005832180429456744,0.035195695003022096,5.0
icaif_real_news_costaware_main_20260805_021836_402223_seed42,2,ens_cgcma_price,cgcma,price_only,0.0,0.55,0.4699999999999998,0.5415384615384615,0.5304242424242425,0.5646486157590508,0.2499966936184577,0.26461538461538464,0.5116279069767442,-0.23609569586297507,0.12957233747328697,-0.01468820838121071,5.0
icaif_real_news_costaware_main_20260805_021836_402223_seed42,3,ens_cgcma_price,cgcma,price_only,0.0,0.52,0.4699999999999998,0.4967532467532468,0.4747785906815557,0.6164279513888888,0.24962621721851244,0.18181818181818182,0.5,1.581862794559567,0.011291098879794898,0.03674857077504236,5.0
icaif_real_news_costaware_main_20260805_021836_402223_seed42,4,ens_cgcma_price,cgcma,price_only,0.05,0.52,0.4699999999999998,0.5363128491620112,0.4935746668030132,0.6551175203670756,0.2469587791018578,0.4329608938547486,0.5741935483870968,0.9835470987668999,0.08376773992935602,0.06783148067748755,5.0
icaif_real_news_costaware_main_20260805_021836_402223_seed42,0,ens_cgcma_early,cgcma,early_fusion,0.30000000000000004,0.6700000000000002,0.43999999999999984,0.525065963060686,0.34429065743944637,0.43386139722346617,0.25549717921185977,0.0,0.0,0.0,0.0,0.0,5.0
icaif_real_news_costaware_main_20260805_021836_402223_seed42,1,ens_cgcma_early,cgcma,early_fusion,0.9,0.5800000000000001,0.31999999999999995,0.5415549597855228,0.5415022319984473,0.5812986553432413,0.25605053304486697,0.09919571045576407,0.5945945945945946,1.7101507685038577,0.01254407811878221,0.04195299231180104,5.0
icaif_real_news_costaware_main_20260805_021836_402223_seed42,2,ens_cgcma_early,cgcma,early_fusion,0.25,0.7000000000000002,0.4699999999999998,0.5076923076923077,0.5047619047619047,0.5004563431700639,0.2660289733240939,0.37538461538461537,0.45081967213114754,-0.7480429852728342,0.1388590213075815,-0.07353286185937641,5.0
icaif_real_news_costaware_main_20260805_021836_402223_seed42,3,ens_cgcma_early,cgcma,early_fusion,0.15000000000000002,0.5800000000000001,0.4699999999999998,0.5227272727272727,0.504546797544401,0.6419270833333334,0.24813439724434114,0.35714285714285715,0.44545454545454544,0.004956348991484239,0.04285759060847699,0.00019920262295471634,5.0
icaif_real_news_costaware_main_20260805_021836_402223_seed42,4,ens_cgcma_early,cgcma,early_fusion,0.15000000000000002,0.52,0.4699999999999998,0.5949720670391061,0.593573592853284,0.6266816493429472,0.24601269036927045,0.2681564245810056,0.5104166666666666,1.0009176825235162,0.03865903000112977,0.0547795223618571,5.0
icaif_real_news_costaware_main_20260805_021836_402223_seed42,0,ens_cgcma_priceweb,cgcma,price_web,0.35000000000000003,0.6700000000000002,0.3799999999999999,0.5277044854881267,0.3454231433506045,0.4968931930138827,0.2565698366055998,0.0,0.0,0.0,0.0,0.0,5.0
icaif_real_news_costaware_main_20260805_021836_402223_seed42,1,ens_cgcma_priceweb,cgcma,price_web,0.9500000000000001,0.5800000000000001,0.3499999999999999,0.5361930294906166,0.5361930294906166,0.5781139419674451,0.2566310204187892,0.14209115281501342,0.5283018867924528,0.9325400282083753,0.028412939409746873,0.028444927451011234,5.0
icaif_real_news_costaware_main_20260805_021836_402223_seed42,2,ens_cgcma_priceweb,cgcma,price_web,0.0,0.5800000000000001,0.4699999999999998,0.5507692307692308,0.5194255388105655,0.4818983875874658,0.25678856747622447,0.22153846153846155,0.5138888888888888,-0.5799674829341578,0.056955684001689405,-0.037287632162773005,5.0
icaif_real_news_costaware_main_20260805_021836_402223_seed42,3,ens_cgcma_priceweb,cgcma,price_web,0.05,0.55,0.4699999999999998,0.525974025974026,0.5072755960729314,0.6439670138888889,0.24881983114949138,0.4448051948051948,0.4744525547445255,0.2444364879075757,0.04749490314042446,0.010630250234661751,5.0
icaif_real_news_costaware_main_20260805_021836_402223_seed42,4,ens_cgcma_priceweb,cgcma,price_web,0.35000000000000003,0.55,0.4699999999999998,0.5670391061452514,0.5540930385799121,0.6470331179573618,0.24569432476946126,0.1340782122905028,0.6875,2.026506810295244,0.03801140952754935,0.09240073322473669,5.0
icaif_real_news_costaware_main_20260805_021836_402223_seed42,0,ens_cgcma_textweb,cgcma,text_web_mlp,0.8500000000000001,0.7000000000000002,0.31999999999999995,0.5356200527704486,0.3487972508591065,0.4774126735333632,0.2588531446414283,0.013192612137203167,0.0,-1.2139515906890983,0.013092066734629593,-0.013119484167594002,5.0
icaif_real_news_costaware_main_20260805_021836_402223_seed42,1,ens_cgcma_textweb,cgcma,text_web_mlp,1.0,0.55,0.29,0.5281501340482574,0.5281196089706728,0.5782908704883227,0.25584592597429967,0.11796246648793565,0.6590909090909091,2.246579468424432,0.01641639119532339,0.07238871092918688,5.0
icaif_real_news_costaware_main_20260805_021836_402223_seed42,2,ens_cgcma_textweb,cgcma,text_web_mlp,0.1,0.5800000000000001,0.4699999999999998,0.49230769230769234,0.4923076923076923,0.4761940979616672,0.2587049317368617,0.4707692307692308,0.43137254901960786,-2.1800241265799087,0.2508168000835999,-0.27086066501205747,5.0
icaif_real_news_costaware_main_20260805_021836_402223_seed42,3,ens_cgcma_textweb,cgcma,text_web_mlp,0.1,0.55,0.4699999999999998,0.551948051948052,0.5275443510737627,0.5569444444444445,0.24853334598626695,0.08766233766233766,0.4444444444444444,0.40528986691787716,0.02294527740713259,0.010582404628771093,5.0
icaif_real_news_costaware_main_20260805_021836_402223_seed42,4,ens_cgcma_textweb,cgcma,text_web_mlp,1.0,0.52,0.43999999999999984,0.49441340782122906,0.33084112149532713,0.6671660892093517,0.2469786766130152,0.09776536312849161,0.6857142857142857,1.1927303824884163,0.03197245375924882,0.04533402774311996,5.0
icaif_real_news_costaware_main_20260805_022944_722327_seed123,0,ens_cgcma_timesnet,cgcma,timesnet_lite,0.65,0.6100000000000001,0.43999999999999984,0.5118733509234829,0.34335109620985793,0.4666088222122705,0.25411286829093394,0.08970976253298153,0.3235294117647059,-2.848103821569505,0.038365077129671854,-0.039024278117288355,5.0
icaif_real_news_costaware_main_20260805_022944_722327_seed123,1,ens_cgcma_timesnet,cgcma,timesnet_lite,1.0,0.55,0.29,0.5227882037533512,0.49533292794162365,0.5849846661948572,0.2669216263869478,0.05361930294906166,0.75,1.772978960917904,0.008216932361677023,0.04094017666633899,5.0
icaif_real_news_costaware_main_20260805_022944_722327_seed123,2,ens_cgcma_timesnet,cgcma,timesnet_lite,0.65,0.7000000000000002,0.43999999999999984,0.5384615384615384,0.5368787049703603,0.5171128688773958,0.26041927522357755,0.3292307692307692,0.5046728971962616,0.8372419742791138,0.08014893131341605,0.07519137227334909,5.0
icaif_real_news_costaware_main_20260805_022944_722327_seed123,3,ens_cgcma_timesnet,cgcma,timesnet_lite,0.05,0.6700000000000002,0.4699999999999998,0.5454545454545454,0.4817307692307692,0.508203125,0.2521206406666517,0.24025974025974026,0.4594594594594595,-1.3267523827297885,0.05302089863513404,-0.0416012893519879,5.0
icaif_real_news_costaware_main_20260805_022944_722327_seed123,4,ens_cgcma_timesnet,cgcma,timesnet_lite,0.05,0.52,0.4699999999999998,0.5558659217877095,0.5520598072004721,0.6430689515247995,0.24411651239701737,0.6480446927374302,0.5387931034482759,1.312012295574827,0.07182313621997727,0.10369051533869508,5.0
icaif_real_news_costaware_main_20260805_022944_722327_seed123,0,ens_cgcma_price,cgcma,price_only,0.8500000000000001,0.6100000000000001,0.43999999999999984,0.5013192612137203,0.347533816095095,0.43610053739364085,0.2549486640313475,0.06596306068601583,0.28,-2.748512370384236,0.037112014295392945,-0.03544104045967715,5.0
icaif_real_news_costaware_main_20260805_022944_722327_seed123,1,ens_cgcma_price,cgcma,price_only,0.9500000000000001,0.55,0.29,0.5308310991957105,0.5082084548214784,0.5830679405520169,0.2659220156370482,0.045576407506702415,0.7058823529411765,1.6309302999412203,0.008216932361677065,0.032886719185122704,5.0
icaif_real_news_costaware_main_20260805_022944_722327_seed123,2,ens_cgcma_price,cgcma,price_only,0.5,0.6700000000000002,0.4699999999999998,0.5323076923076923,0.522317629767154,0.5200410708853057,0.2543681927076562,0.3169230769230769,0.5048543689320388,0.6838515152872675,0.09285428714698156,0.06219373204795599,5.0
icaif_real_news_costaware_main_20260805_022944_722327_seed123,3,ens_cgcma_price,cgcma,price_only,0.2,0.52,0.4699999999999998,0.6266233766233766,0.6169278522219699,0.6548177083333333,0.24643737978868877,0.05519480519480519,0.6470588235294118,2.045297562106933,0.010819982270296454,0.0481258659064127,5.0
icaif_real_news_costaware_main_20260805_022944_722327_seed123,4,ens_cgcma_price,cgcma,price_only,0.05,0.52,0.4699999999999998,0.5111731843575419,0.3710028814393141,0.6415706838967444,0.24824424721465646,0.4553072625698324,0.5337423312883436,-0.23459692118231731,0.126768991892843,-0.01771846493915296,5.0
icaif_real_news_costaware_main_20260805_022944_722327_seed123,0,ens_cgcma_early,cgcma,early_fusion,0.8500000000000001,0.6100000000000001,0.43999999999999984,0.49340369393139843,0.35209060474392767,0.4344771607702642,0.253927796235778,0.036939313984168866,0.14285714285714285,-2.78542984651096,0.027882353476863075,-0.028225919377854757,5.0
icaif_real_news_costaware_main_20260805_022944_722327_seed123,1,ens_cgcma_early,cgcma,early_fusion,1.0,0.55,0.29,0.5227882037533512,0.49533292794162365,0.5849846661948572,0.2669216263869478,0.05361930294906166,0.75,1.772978960917904,0.008216932361677023,0.04094017666633899,5.0
icaif_real_news_costaware_main_20260805_022944_722327_seed123,2,ens_cgcma_early,cgcma,early_fusion,0.5,0.7000000000000002,0.4699999999999998,0.5415384615384615,0.528522330078182,0.5219805293580773,0.25539049278428244,0.2953846153846154,0.4791666666666667,0.1943631904824437,0.08014893131341636,0.0163436404874423,5.0
icaif_real_news_costaware_main_20260805_022944_722327_seed123,3,ens_cgcma_early,cgcma,early_fusion,0.25,0.5800000000000001,0.4699999999999998,0.5941558441558441,0.5938090163847947,0.6455295138888889,0.24564705146436944,0.36038961038961037,0.46846846846846846,0.3221508119969958,0.05470088677090865,0.012784244933872091,5.0
icaif_real_news_costaware_main_20260805_022944_722327_seed123,4,ens_cgcma_early,cgcma,early_fusion,0.35000000000000003,0.52,0.4699999999999998,0.5418994413407822,0.5079780101903997,0.6437556575209914,0.24672419102520265,0.16201117318435754,0.6206896551724138,1.8393157676890644,0.03992434920178063,0.09520735023288508,5.0
icaif_real_news_costaware_main_20260805_022944_722327_seed123,0,ens_cgcma_priceweb,cgcma,price_web,1.0,0.6100000000000001,0.40999999999999986,0.503957783641161,0.3531483767884378,0.42997089117778775,0.2540987125313999,0.06068601583113457,0.21739130434782608,-3.1853738739054047,0.05093498338355229,-0.052139910630773154,5.0
icaif_real_news_costaware_main_20260805_022944_722327_seed123,1,ens_cgcma_priceweb,cgcma,price_web,0.35000000000000003,0.5800000000000001,0.29,0.514745308310992,0.5146197148670315,0.5518105685303137,0.27076723642050177,0.13404825737265416,0.52,0.4589143761808166,0.034090103302985786,0.015164443945875995,5.0
icaif_real_news_costaware_main_20260805_022944_722327_seed123,2,ens_cgcma_priceweb,cgcma,price_web,0.5,0.6700000000000002,0.4699999999999998,0.5323076923076923,0.5254745254745254,0.5237678734408275,0.25623295694395654,0.3415384615384615,0.5045045045045045,0.40692594020373046,0.09355267470265237,0.03837571950355889,5.0
icaif_real_news_costaware_main_20260805_022944_722327_seed123,3,ens_cgcma_priceweb,cgcma,price_web,0.05,0.5800000000000001,0.4699999999999998,0.5681818181818182,0.5671551897209396,0.6493489583333333,0.24534186308071348,0.35714285714285715,0.5,1.2092607180443944,0.04946860126855475,0.04293688320628516,5.0
icaif_real_news_costaware_main_20260805_022944_722327_seed123,4,ens_cgcma_priceweb,cgcma,price_web,0.0,0.52,0.43999999999999984,0.553072625698324,0.5448911488955983,0.6372943783750039,0.24376948688680794,0.30446927374301674,0.5871559633027523,1.8310855529104526,0.030434054987375694,0.09018838074988228,5.0
icaif_real_news_costaware_main_20260805_022944_722327_seed123,0,ens_cgcma_textweb,cgcma,text_web_mlp,1.0,0.6100000000000001,0.40999999999999986,0.503957783641161,0.3531483767884378,0.42997089117778775,0.2540987125313999,0.06068601583113457,0.21739130434782608,-3.1853738739054047,0.05093498338355229,-0.052139910630773154,5.0
icaif_real_news_costaware_main_20260805_022944_722327_seed123,1,ens_cgcma_textweb,cgcma,text_web_mlp,0.8500000000000001,0.5800000000000001,0.3499999999999999,0.5254691689008043,0.5001173593391534,0.5859577730596839,0.26234871036021534,0.1903485254691689,0.4507042253521127,-1.2112611156800526,0.10617948599550761,-0.06015771454667457,5.0
icaif_real_news_costaware_main_20260805_022944_722327_seed123,2,ens_cgcma_textweb,cgcma,text_web_mlp,0.30000000000000004,0.6100000000000001,0.4699999999999998,0.49230769230769234,0.48,0.49836477030727105,0.2537460535049406,0.3384615384615385,0.44545454545454544,-0.3484847373193655,0.08919953457595346,-0.03265602210507531,5.0
icaif_real_news_costaware_main_20260805_022944_722327_seed123,3,ens_cgcma_textweb,cgcma,text_web_mlp,0.7000000000000001,0.6400000000000001,0.4699999999999998,0.5681818181818182,0.5268817204301075,0.56171875,0.24388944017451797,0.11038961038961038,0.5882352941176471,1.4449519714396977,0.02197314366129253,0.03621723890246321,5.0
icaif_real_news_costaware_main_20260805_022944_722327_seed123,4,ens_cgcma_textweb,cgcma,text_web_mlp,0.45,0.52,0.40999999999999986,0.5865921787709497,0.5769672968829842,0.6323001529481537,0.24433195446874462,0.15921787709497207,0.6491228070175439,2.44061664599734,0.022262104657166326,0.10728301450153037,5.0
