model,policy,auc_mean,auc_std,brier_mean,brier_std,trade_rate_mean,trade_rate_std,hit_rate_mean,hit_rate_std,downstream_sharpe_mean,downstream_sharpe_std,downstream_sharpe_count,downstream_mdd_mean,downstream_mdd_std,downstream_total_return_mean,downstream_total_return_std,long_threshold_mean,long_threshold_std,short_threshold_mean,short_threshold_std
cgcma,fine_sharpe_mdd_min02,0.5708428937319885,0.07957906909050778,0.25385951117453376,0.010566840550500866,0.10949137909741853,0.12328371245984243,0.533932793541932,0.19852560727463456,0.4744708459469482,1.6002010184278,10,0.026618174443933922,0.03157392672906592,0.019111000068206666,0.03051577989244515,0.593,0.08844960900610775,0.41100000000000003,0.08875058685251982
cgcma,fine_sharpe_min02,0.5708428937319885,0.07957906909050778,0.25385951117453376,0.010566840550500866,0.10949137909741853,0.12328371245984243,0.533932793541932,0.19852560727463456,0.4744708459469482,1.6002010184278,10,0.026618174443933922,0.03157392672906592,0.019111000068206666,0.03051577989244515,0.593,0.08844960900610775,0.41100000000000003,0.08875058685251982
cgcma,fine_sharpe_mdd_min05,0.5708428937319885,0.07957906909050778,0.25385951117453376,0.010566840550500866,0.14602859289834044,0.11796423471439903,0.5238171486610038,0.194715228686784,0.46584080877305334,1.6783219886267682,10,0.040467968356194865,0.033585081078005966,0.027562354113699606,0.044075648192450446,0.5900000000000001,0.08944271909999159,0.41600000000000004,0.0903327183250897
cgcma,fine_return_sharpe_min02,0.5708428937319885,0.07957906909050778,0.25385951117453376,0.010566840550500866,0.1482507961747172,0.1372049477983053,0.5285039835068228,0.21361334496428863,0.43922527290431984,1.6879599149978506,10,0.04207108664843778,0.0465176998794974,0.01810957624810268,0.03743326365270909,0.591,0.08924996109554086,0.41500000000000004,0.09021579068482904
cgcma,selective_sharpe_min01,0.5708428937319885,0.07957906909050778,0.25385951117453376,0.010566840550500866,0.10922328258267325,0.12352503893150944,0.5255994602085987,0.19001478001505195,0.4161725449759392,1.6016733513942105,10,0.026618174443933922,0.03157392672906592,0.018675539671639756,0.03076914212594676,0.595,0.08809716857601674,0.41100000000000003,0.08875058685251982
price_web,fine_sharpe_min02,0.5605326808740811,0.07455933093240832,0.2557040774026111,0.01247994889283528,0.2839630978009028,0.20714628677105607,0.4375517868690242,0.16752868805298515,-0.13555191743696712,1.4587441687561644,10,0.0629942663846383,0.05179953172464324,-0.005209692495591156,0.08963269965864681,0.568,0.05006662228138289,0.382,0.11023207841237098
price_web,fine_sharpe_mdd_min02,0.5605326808740811,0.07455933093240832,0.2557040774026111,0.01247994889283528,0.2839630978009028,0.20714628677105607,0.4375517868690242,0.16752868805298515,-0.13555191743696712,1.4587441687561644,10,0.0629942663846383,0.05179953172464324,-0.005209692495591156,0.08963269965864681,0.568,0.05006662228138289,0.382,0.11023207841237098
price_web,selective_sharpe_min01,0.5605326808740811,0.07455933093240832,0.2557040774026111,0.01247994889283528,0.2839630978009028,0.20714628677105607,0.4375517868690242,0.16752868805298515,-0.13555191743696712,1.4587441687561644,10,0.0629942663846383,0.05179953172464324,-0.005209692495591156,0.08963269965864681,0.568,0.05006662228138289,0.382,0.11023207841237098
price_web,fine_return_sharpe_min02,0.5605326808740811,0.07455933093240832,0.2557040774026111,0.01247994889283528,0.33810951004787365,0.2667232063598094,0.4369493682677629,0.16754617200482308,-0.1611059074606005,1.3838611118881428,10,0.06799636384051089,0.0524444149993985,-0.0007896184226102776,0.094576363369835,0.567,0.051001089312985366,0.41600000000000004,0.09252026804976303
timesnet_lite,fine_return_sharpe_min02,0.5913425917871185,0.06635533301725956,0.2524055929927228,0.008972107272596822,0.4322047445643247,0.26562755970581087,0.4806239179082126,0.07290256636998625,-0.19444084104335602,2.497289716026342,10,0.09952824623039178,0.09389895655440113,0.025533647644222706,0.22793983327092912,0.612,0.10685400216078846,0.4109999999999999,0.1081614020290459
price_web,fine_sharpe_mdd_min05,0.5605326808740811,0.07455933093240832,0.2557040774026111,0.01247994889283528,0.2997898662067596,0.20812154926211224,0.4389761065969154,0.1657056496071692,-0.20069646797493212,1.5661628441159403,10,0.06779105980402597,0.06511362335273295,-0.012757671384644708,0.10585443886727515,0.568,0.05006662228138289,0.39299999999999996,0.10414199707877489
early_fusion,fine_sharpe_min02,0.5602269665315577,0.07750495751178534,0.258737391190223,0.016207327683661052,0.36033981879076044,0.25962837469574124,0.42055094283731737,0.20232045025528841,-0.258872049865064,2.1019026743379357,10,0.09543053911042187,0.08014992004818092,-0.014225786363614951,0.14340434996679166,0.625,0.10058164179743075,0.42300000000000004,0.07349225204816566
early_fusion,selective_sharpe_min01,0.5602269665315577,0.07750495751178534,0.258737391190223,0.016207327683661052,0.36033981879076044,0.25962837469574124,0.42055094283731737,0.20232045025528841,-0.258872049865064,2.1019026743379357,10,0.09543053911042187,0.08014992004818092,-0.014225786363614951,0.14340434996679166,0.625,0.10058164179743075,0.42300000000000004,0.07349225204816566
early_fusion,fine_sharpe_mdd_min02,0.5602269665315577,0.07750495751178534,0.258737391190223,0.016207327683661052,0.36033981879076044,0.25962837469574124,0.42055094283731737,0.20232045025528841,-0.258872049865064,2.1019026743379357,10,0.09543053911042187,0.08014992004818092,-0.014225786363614951,0.14340434996679166,0.625,0.10058164179743075,0.42300000000000004,0.07349225204816566
price_only,fine_sharpe_mdd_min02,0.571203096631409,0.07146355893846955,0.25351256320387355,0.007725652922154164,0.31086339061933843,0.25908742085999675,0.48562494292762537,0.08507192220244096,-0.32717761369282394,2.000129156614491,10,0.07234471078692636,0.05566998090841969,-0.007512265539966129,0.08841667709638035,0.548,0.0500666222813829,0.384,0.1169235267647667
price_only,fine_sharpe_min02,0.571203096631409,0.07146355893846955,0.25351256320387355,0.007725652922154164,0.31086339061933843,0.25908742085999675,0.48562494292762537,0.08507192220244096,-0.32717761369282394,2.000129156614491,10,0.07234471078692636,0.05566998090841969,-0.007512265539966129,0.08841667709638035,0.548,0.0500666222813829,0.384,0.1169235267647667
price_only,selective_sharpe_min01,0.571203096631409,0.07146355893846955,0.25351256320387355,0.007725652922154164,0.31086339061933843,0.25908742085999675,0.48562494292762537,0.08507192220244096,-0.32717761369282394,2.000129156614491,10,0.07234471078692636,0.05566998090841969,-0.007512265539966129,0.08841667709638035,0.548,0.0500666222813829,0.384,0.1169235267647667
early_fusion,fine_sharpe_mdd_min05,0.5602269665315577,0.07750495751178534,0.258737391190223,0.016207327683661052,0.3699675841652277,0.24785039423358443,0.41987809322829756,0.1745353389347317,-0.4720701443966682,2.0129169089761674,10,0.09984483542093994,0.07620758717558049,-0.022318720649023637,0.13916227270960962,0.623,0.100227518953407,0.426,0.075306779981029
timesnet_lite,fine_sharpe_min02,0.5913425917871185,0.06635533301725956,0.2524055929927228,0.008972107272596822,0.3238248562961683,0.2429908871158792,0.42481088248478516,0.1631372451094541,-0.5421461227323985,2.1486364384772174,10,0.09078612903009863,0.09914722992642948,-0.009790530267082032,0.20041956545313436,0.617,0.10176770935157513,0.384,0.12429355932182845
timesnet_lite,fine_sharpe_mdd_min02,0.5913425917871185,0.06635533301725956,0.2524055929927228,0.008972107272596822,0.3238248562961683,0.2429908871158792,0.42481088248478516,0.1631372451094541,-0.5421461227323985,2.1486364384772174,10,0.09078612903009863,0.09914722992642948,-0.009790530267082032,0.20041956545313436,0.617,0.10176770935157513,0.384,0.12429355932182845
timesnet_lite,selective_sharpe_min01,0.5913425917871185,0.06635533301725956,0.2524055929927228,0.008972107272596822,0.3238248562961683,0.2429908871158792,0.42481088248478516,0.1631372451094541,-0.5421461227323985,2.1486364384772174,10,0.09078612903009863,0.09914722992642948,-0.009790530267082032,0.20041956545313436,0.617,0.10176770935157513,0.384,0.12429355932182845
early_fusion,fine_return_sharpe_min02,0.5602269665315577,0.07750495751178534,0.258737391190223,0.016207327683661052,0.41080266742486204,0.29324366971121174,0.41389130423028087,0.1732174205116215,-0.7100351711604056,1.9654263776539338,10,0.11241123122061251,0.08231377645381512,-0.039662340058162215,0.1497173640676516,0.629,0.10503438590396111,0.43499999999999994,0.08086339647138802
price_only,fine_return_sharpe_min02,0.571203096631409,0.07146355893846955,0.25351256320387355,0.007725652922154164,0.4984643253047058,0.31352159843956023,0.4851791606028574,0.06896783780332309,-0.7250138367568191,1.9841659082629275,10,0.11718414585079835,0.08758967886908015,-0.0535821623047246,0.12311504648507016,0.54,0.04853406592853679,0.438,0.07627435858647241
price_only,fine_sharpe_mdd_min05,0.571203096631409,0.07146355893846955,0.25351256320387355,0.007725652922154164,0.48719465931386025,0.26877407134889747,0.4781915785409446,0.06559619844457111,-0.8520178995593914,1.9968348798988729,10,0.12983627685736993,0.08032357959697124,-0.05844803436373275,0.1266031931427088,0.541,0.04794672969962487,0.44799999999999995,0.06762642481555071
timesnet_lite,fine_sharpe_mdd_min05,0.5913425917871185,0.06635533301725956,0.2524055929927228,0.008972107272596822,0.3402586774849889,0.24312223492295398,0.41885822800164724,0.16402289311162233,-0.8951763154988296,2.242688241199946,10,0.1126327837493692,0.10811476034815375,-0.037811430933447826,0.21685051670461214,0.618,0.10217631819555842,0.421,0.1066093596057849
