run_dir,model,policy,fold_id,long_threshold,short_threshold,val_sharpe,accuracy,macro_f1,auc,brier,trade_rate,hit_rate,downstream_sharpe,downstream_mdd,downstream_total_return,cost_bps
icaif_real_news_costaware_main_20260805_021836_402223_seed42,cgcma,fine_sharpe_mdd_min05,0,0.68,0.28,2.5910783529594323,0.5382585751978892,0.3550473078755701,0.46464957456336764,0.26177445300257973,0.0158311345646438,0.16666666666666666,-1.4234758709395186,0.008950978035418555,-0.0089712687435346,5.0
icaif_real_news_costaware_main_20260805_021836_402223_seed42,cgcma,fine_sharpe_min02,0,0.68,0.28,2.5910783529594323,0.5382585751978892,0.3550473078755701,0.46464957456336764,0.26177445300257973,0.0158311345646438,0.16666666666666666,-1.4234758709395186,0.008950978035418555,-0.0089712687435346,5.0
icaif_real_news_costaware_main_20260805_021836_402223_seed42,cgcma,fine_sharpe_mdd_min02,0,0.68,0.28,2.5910783529594323,0.5382585751978892,0.3550473078755701,0.46464957456336764,0.26177445300257973,0.0158311345646438,0.16666666666666666,-1.4234758709395186,0.008950978035418555,-0.0089712687435346,5.0
icaif_real_news_costaware_main_20260805_021836_402223_seed42,cgcma,fine_return_sharpe_min02,0,0.68,0.28,2.5910783529594323,0.5382585751978892,0.3550473078755701,0.46464957456336764,0.26177445300257973,0.0158311345646438,0.16666666666666666,-1.4234758709395186,0.008950978035418555,-0.0089712687435346,5.0
icaif_real_news_costaware_main_20260805_021836_402223_seed42,cgcma,selective_sharpe_min01,0,0.68,0.28,2.5910783529594323,0.5382585751978892,0.3550473078755701,0.46464957456336764,0.26177445300257973,0.0158311345646438,0.16666666666666666,-1.4234758709395186,0.008950978035418555,-0.0089712687435346,5.0
icaif_real_news_costaware_main_20260805_021836_402223_seed42,cgcma,fine_sharpe_mdd_min05,1,0.55,0.31,1.5787218262265972,0.5281501340482574,0.5281196089706728,0.5782908704883227,0.25584592597429967,0.13672922252010725,0.6470588235294118,2.3900067278201145,0.01641639119532331,0.0789720219500947,5.0
icaif_real_news_costaware_main_20260805_021836_402223_seed42,cgcma,fine_sharpe_min02,1,0.58,0.31,2.1571131530254504,0.5281501340482574,0.5281196089706728,0.5782908704883227,0.25584592597429967,0.06166219839142091,0.6086956521739131,2.0106509901711624,0.006698256128102806,0.045774909718772634,5.0
icaif_real_news_costaware_main_20260805_021836_402223_seed42,cgcma,fine_sharpe_mdd_min02,1,0.58,0.31,2.1571131530254504,0.5281501340482574,0.5281196089706728,0.5782908704883227,0.25584592597429967,0.06166219839142091,0.6086956521739131,2.0106509901711624,0.006698256128102806,0.045774909718772634,5.0
icaif_real_news_costaware_main_20260805_021836_402223_seed42,cgcma,fine_return_sharpe_min02,1,0.58,0.31,2.1571131530254504,0.5281501340482574,0.5281196089706728,0.5782908704883227,0.25584592597429967,0.06166219839142091,0.6086956521739131,2.0106509901711624,0.006698256128102806,0.045774909718772634,5.0
icaif_real_news_costaware_main_20260805_021836_402223_seed42,cgcma,selective_sharpe_min01,1,0.58,0.31,2.1571131530254504,0.5281501340482574,0.5281196089706728,0.5782908704883227,0.25584592597429967,0.06166219839142091,0.6086956521739131,2.0106509901711624,0.006698256128102806,0.045774909718772634,5.0
icaif_real_news_costaware_main_20260805_021836_402223_seed42,cgcma,fine_sharpe_mdd_min05,2,0.56,0.45,0.9764846004850323,0.5538461538461539,0.551399822939771,0.5669683602068756,0.24728673275479643,0.15384615384615385,0.5,-0.1314544087884054,0.07049378468103518,-0.006562576795713301,5.0
icaif_real_news_costaware_main_20260805_021836_402223_seed42,cgcma,fine_sharpe_min02,2,0.56,0.43,1.40223837289623,0.5538461538461539,0.551399822939771,0.5669683602068756,0.24728673275479643,0.09538461538461539,0.5806451612903226,1.0760990259732832,0.025727968390735306,0.037566900604436,5.0
icaif_real_news_costaware_main_20260805_021836_402223_seed42,cgcma,fine_sharpe_mdd_min02,2,0.56,0.43,1.40223837289623,0.5538461538461539,0.551399822939771,0.5669683602068756,0.24728673275479643,0.09538461538461539,0.5806451612903226,1.0760990259732832,0.025727968390735306,0.037566900604436,5.0
icaif_real_news_costaware_main_20260805_021836_402223_seed42,cgcma,fine_return_sharpe_min02,2,0.56,0.43,1.40223837289623,0.5538461538461539,0.551399822939771,0.5669683602068756,0.24728673275479643,0.09538461538461539,0.5806451612903226,1.0760990259732832,0.025727968390735306,0.037566900604436,5.0
icaif_real_news_costaware_main_20260805_021836_402223_seed42,cgcma,selective_sharpe_min01,2,0.56,0.43,1.40223837289623,0.5538461538461539,0.551399822939771,0.5669683602068756,0.24728673275479643,0.09538461538461539,0.5806451612903226,1.0760990259732832,0.025727968390735306,0.037566900604436,5.0
icaif_real_news_costaware_main_20260805_021836_402223_seed42,cgcma,fine_sharpe_mdd_min05,3,0.55,0.5,2.281926098776628,0.6266233766233766,0.5708903238312153,0.6495659722222222,0.24372153201380506,0.22402597402597402,0.5217391304347826,1.3200471825011446,0.030071474109439236,0.03997382600975294,5.0
icaif_real_news_costaware_main_20260805_021836_402223_seed42,cgcma,fine_sharpe_min02,3,0.55,0.5,2.281926098776628,0.6266233766233766,0.5708903238312153,0.6495659722222222,0.24372153201380506,0.22402597402597402,0.5217391304347826,1.3200471825011446,0.030071474109439236,0.03997382600975294,5.0
icaif_real_news_costaware_main_20260805_021836_402223_seed42,cgcma,fine_sharpe_mdd_min02,3,0.55,0.5,2.281926098776628,0.6266233766233766,0.5708903238312153,0.6495659722222222,0.24372153201380506,0.22402597402597402,0.5217391304347826,1.3200471825011446,0.030071474109439236,0.03997382600975294,5.0
icaif_real_news_costaware_main_20260805_021836_402223_seed42,cgcma,fine_return_sharpe_min02,3,0.55,0.5,2.281926098776628,0.6266233766233766,0.5708903238312153,0.6495659722222222,0.24372153201380506,0.22402597402597402,0.5217391304347826,1.3200471825011446,0.030071474109439236,0.03997382600975294,5.0
icaif_real_news_costaware_main_20260805_021836_402223_seed42,cgcma,selective_sharpe_min01,3,0.55,0.5,2.281926098776628,0.6266233766233766,0.5708903238312153,0.6495659722222222,0.24372153201380506,0.22402597402597402,0.5217391304347826,1.3200471825011446,0.030071474109439236,0.03997382600975294,5.0
icaif_real_news_costaware_main_20260805_021836_402223_seed42,cgcma,fine_sharpe_mdd_min05,4,0.5,0.44,1.642087359391077,0.49441340782122906,0.33084112149532713,0.6671660892093517,0.2469786766130152,0.09776536312849161,0.6857142857142857,1.1927303824884163,0.03197245375924882,0.04533402774311996,5.0
icaif_real_news_costaware_main_20260805_021836_402223_seed42,cgcma,fine_sharpe_min02,4,0.5,0.43,1.6648138711190978,0.49441340782122906,0.33084112149532713,0.6671660892093517,0.2469786766130152,0.05027932960893855,0.6666666666666666,0.6657395527543097,0.017727019471941004,0.0195590607495374,5.0
icaif_real_news_costaware_main_20260805_021836_402223_seed42,cgcma,fine_sharpe_mdd_min02,4,0.5,0.43,1.6648138711190978,0.49441340782122906,0.33084112149532713,0.6671660892093517,0.2469786766130152,0.05027932960893855,0.6666666666666666,0.6657395527543097,0.017727019471941004,0.0195590607495374,5.0
icaif_real_news_costaware_main_20260805_021836_402223_seed42,cgcma,fine_return_sharpe_min02,4,0.5,0.44,1.642087359391077,0.49441340782122906,0.33084112149532713,0.6671660892093517,0.2469786766130152,0.09776536312849161,0.6857142857142857,1.1927303824884163,0.03197245375924882,0.04533402774311996,5.0
icaif_real_news_costaware_main_20260805_021836_402223_seed42,cgcma,selective_sharpe_min01,4,0.5,0.43,1.6648138711190978,0.49441340782122906,0.33084112149532713,0.6671660892093517,0.2469786766130152,0.05027932960893855,0.6666666666666666,0.6657395527543097,0.017727019471941004,0.0195590607495374,5.0
icaif_real_news_costaware_main_20260805_021836_402223_seed42,timesnet_lite,fine_sharpe_mdd_min05,0,0.62,0.36,3.028162810390741,0.5672823218997362,0.48817523056653495,0.5199843260188087,0.2491550927223493,0.20316622691292877,0.42857142857142855,-2.2962957765029057,0.05760123576749254,-0.05338765277092893,5.0
icaif_real_news_costaware_main_20260805_021836_402223_seed42,timesnet_lite,fine_sharpe_min02,0,0.62,0.36,3.028162810390741,0.5672823218997362,0.48817523056653495,0.5199843260188087,0.2491550927223493,0.20316622691292877,0.42857142857142855,-2.2962957765029057,0.05760123576749254,-0.05338765277092893,5.0
icaif_real_news_costaware_main_20260805_021836_402223_seed42,timesnet_lite,fine_sharpe_mdd_min02,0,0.62,0.36,3.028162810390741,0.5672823218997362,0.48817523056653495,0.5199843260188087,0.2491550927223493,0.20316622691292877,0.42857142857142855,-2.2962957765029057,0.05760123576749254,-0.05338765277092893,5.0
icaif_real_news_costaware_main_20260805_021836_402223_seed42,timesnet_lite,fine_return_sharpe_min02,0,0.62,0.36,3.028162810390741,0.5672823218997362,0.48817523056653495,0.5199843260188087,0.2491550927223493,0.20316622691292877,0.42857142857142855,-2.2962957765029057,0.05760123576749254,-0.05338765277092893,5.0
icaif_real_news_costaware_main_20260805_021836_402223_seed42,timesnet_lite,selective_sharpe_min01,0,0.62,0.36,3.028162810390741,0.5672823218997362,0.48817523056653495,0.5199843260188087,0.2491550927223493,0.20316622691292877,0.42857142857142855,-2.2962957765029057,0.05760123576749254,-0.05338765277092893,5.0
icaif_real_news_costaware_main_20260805_021836_402223_seed42,timesnet_lite,fine_sharpe_mdd_min05,1,0.59,0.29,1.0478127192795639,0.5576407506702413,0.5519601062861719,0.589171974522293,0.269512379472772,0.16353887399463807,0.47540983606557374,0.22895121140546762,0.04961408852227675,0.007985529051962623,5.0
icaif_real_news_costaware_main_20260805_021836_402223_seed42,timesnet_lite,fine_sharpe_min02,1,0.59,0.29,1.0478127192795639,0.5576407506702413,0.5519601062861719,0.589171974522293,0.269512379472772,0.16353887399463807,0.47540983606557374,0.22895121140546762,0.04961408852227675,0.007985529051962623,5.0
icaif_real_news_costaware_main_20260805_021836_402223_seed42,timesnet_lite,fine_sharpe_mdd_min02,1,0.59,0.29,1.0478127192795639,0.5576407506702413,0.5519601062861719,0.589171974522293,0.269512379472772,0.16353887399463807,0.47540983606557374,0.22895121140546762,0.04961408852227675,0.007985529051962623,5.0
icaif_real_news_costaware_main_20260805_021836_402223_seed42,timesnet_lite,fine_return_sharpe_min02,1,0.59,0.29,1.0478127192795639,0.5576407506702413,0.5519601062861719,0.589171974522293,0.269512379472772,0.16353887399463807,0.47540983606557374,0.22895121140546762,0.04961408852227675,0.007985529051962623,5.0
icaif_real_news_costaware_main_20260805_021836_402223_seed42,timesnet_lite,selective_sharpe_min01,1,0.59,0.29,1.0478127192795639,0.5576407506702413,0.5519601062861719,0.589171974522293,0.269512379472772,0.16353887399463807,0.47540983606557374,0.22895121140546762,0.04961408852227675,0.007985529051962623,5.0
icaif_real_news_costaware_main_20260805_021836_402223_seed42,timesnet_lite,fine_sharpe_mdd_min05,2,0.8,0.5,3.279614645028077,0.6430769230769231,0.6429924242424243,0.6717751749315485,0.24335085339147247,0.676923076923077,0.5863636363636363,3.161602740471994,0.08416004553492161,0.42441155897484145,5.0
icaif_real_news_costaware_main_20260805_021836_402223_seed42,timesnet_lite,fine_sharpe_min02,2,0.8,0.5,3.279614645028077,0.6430769230769231,0.6429924242424243,0.6717751749315485,0.24335085339147247,0.676923076923077,0.5863636363636363,3.161602740471994,0.08416004553492161,0.42441155897484145,5.0
icaif_real_news_costaware_main_20260805_021836_402223_seed42,timesnet_lite,fine_sharpe_mdd_min02,2,0.8,0.5,3.279614645028077,0.6430769230769231,0.6429924242424243,0.6717751749315485,0.24335085339147247,0.676923076923077,0.5863636363636363,3.161602740471994,0.08416004553492161,0.42441155897484145,5.0
icaif_real_news_costaware_main_20260805_021836_402223_seed42,timesnet_lite,fine_return_sharpe_min02,2,0.8,0.5,3.279614645028077,0.6430769230769231,0.6429924242424243,0.6717751749315485,0.24335085339147247,0.676923076923077,0.5863636363636363,3.161602740471994,0.08416004553492161,0.42441155897484145,5.0
icaif_real_news_costaware_main_20260805_021836_402223_seed42,timesnet_lite,selective_sharpe_min01,2,0.8,0.5,3.279614645028077,0.6430769230769231,0.6429924242424243,0.6717751749315485,0.24335085339147247,0.676923076923077,0.5863636363636363,3.161602740471994,0.08416004553492161,0.42441155897484145,5.0
icaif_real_news_costaware_main_20260805_021836_402223_seed42,timesnet_lite,fine_sharpe_mdd_min05,3,0.54,0.5,1.9676610144246607,0.6298701298701299,0.6016337644656229,0.64921875,0.24512264353092605,0.3181818181818182,0.4897959183673469,0.6247598729609075,0.05964440915087125,0.025183572813565792,5.0
icaif_real_news_costaware_main_20260805_021836_402223_seed42,timesnet_lite,fine_sharpe_min02,3,0.54,0.5,1.9676610144246607,0.6298701298701299,0.6016337644656229,0.64921875,0.24512264353092605,0.3181818181818182,0.4897959183673469,0.6247598729609075,0.05964440915087125,0.025183572813565792,5.0
icaif_real_news_costaware_main_20260805_021836_402223_seed42,timesnet_lite,fine_sharpe_mdd_min02,3,0.54,0.5,1.9676610144246607,0.6298701298701299,0.6016337644656229,0.64921875,0.24512264353092605,0.3181818181818182,0.4897959183673469,0.6247598729609075,0.05964440915087125,0.025183572813565792,5.0
icaif_real_news_costaware_main_20260805_021836_402223_seed42,timesnet_lite,fine_return_sharpe_min02,3,0.54,0.5,1.9676610144246607,0.6298701298701299,0.6016337644656229,0.64921875,0.24512264353092605,0.3181818181818182,0.4897959183673469,0.6247598729609075,0.05964440915087125,0.025183572813565792,5.0
icaif_real_news_costaware_main_20260805_021836_402223_seed42,timesnet_lite,selective_sharpe_min01,3,0.54,0.5,1.9676610144246607,0.6298701298701299,0.6016337644656229,0.64921875,0.24512264353092605,0.3181818181818182,0.4897959183673469,0.6247598729609075,0.05964440915087125,0.025183572813565792,5.0
icaif_real_news_costaware_main_20260805_021836_402223_seed42,timesnet_lite,fine_sharpe_mdd_min05,4,0.52,0.2,2.5500347154527128,0.61731843575419,0.6170764270043643,0.6762493367044355,0.24295779131692744,0.0,0.0,0.0,0.0,0.0,5.0
icaif_real_news_costaware_main_20260805_021836_402223_seed42,timesnet_lite,fine_sharpe_min02,4,0.52,0.2,2.5500347154527128,0.61731843575419,0.6170764270043643,0.6762493367044355,0.24295779131692744,0.0,0.0,0.0,0.0,0.0,5.0
icaif_real_news_costaware_main_20260805_021836_402223_seed42,timesnet_lite,fine_sharpe_mdd_min02,4,0.52,0.2,2.5500347154527128,0.61731843575419,0.6170764270043643,0.6762493367044355,0.24295779131692744,0.0,0.0,0.0,0.0,0.0,5.0
icaif_real_news_costaware_main_20260805_021836_402223_seed42,timesnet_lite,fine_return_sharpe_min02,4,0.5,0.47,2.323386886933848,0.61731843575419,0.6170764270043643,0.6762493367044355,0.24295779131692744,0.7597765363128491,0.6029411764705882,3.4608151921249526,0.060002683838275554,0.3263986365189626,5.0
icaif_real_news_costaware_main_20260805_021836_402223_seed42,timesnet_lite,selective_sharpe_min01,4,0.52,0.2,2.5500347154527128,0.61731843575419,0.6170764270043643,0.6762493367044355,0.24295779131692744,0.0,0.0,0.0,0.0,0.0,5.0
icaif_real_news_costaware_main_20260805_021836_402223_seed42,price_only,fine_sharpe_mdd_min05,0,0.51,0.5,0.9379863176331572,0.5092348284960422,0.46498178506375226,0.4600873264666368,0.2557618840147636,0.9393139841688655,0.4157303370786517,-3.8986540050122147,0.26732097511133646,-0.2821351875255651,5.0
icaif_real_news_costaware_main_20260805_021836_402223_seed42,price_only,fine_sharpe_min02,0,0.57,0.2,1.422937505221666,0.5092348284960422,0.46498178506375226,0.4600873264666368,0.2557618840147636,0.13984168865435356,0.33962264150943394,-3.3064202540225587,0.060554490924138206,-0.05296266909971117,5.0
icaif_real_news_costaware_main_20260805_021836_402223_seed42,price_only,fine_sharpe_mdd_min02,0,0.57,0.2,1.422937505221666,0.5092348284960422,0.46498178506375226,0.4600873264666368,0.2557618840147636,0.13984168865435356,0.33962264150943394,-3.3064202540225587,0.060554490924138206,-0.05296266909971117,5.0
icaif_real_news_costaware_main_20260805_021836_402223_seed42,price_only,fine_return_sharpe_min02,0,0.51,0.5,0.9379863176331572,0.5092348284960422,0.46498178506375226,0.4600873264666368,0.2557618840147636,0.9393139841688655,0.4157303370786517,-3.8986540050122147,0.26732097511133646,-0.2821351875255651,5.0
icaif_real_news_costaware_main_20260805_021836_402223_seed42,price_only,selective_sharpe_min01,0,0.57,0.2,1.422937505221666,0.5092348284960422,0.46498178506375226,0.4600873264666368,0.2557618840147636,0.13984168865435356,0.33962264150943394,-3.3064202540225587,0.060554490924138206,-0.05296266909971117,5.0
icaif_real_news_costaware_main_20260805_021836_402223_seed42,price_only,fine_sharpe_mdd_min05,1,0.53,0.37,0.22041544680115543,0.5093833780160858,0.49635133440075563,0.5617480537862704,0.2632599966587434,0.2734584450402145,0.43137254901960786,-1.741184598293354,0.1391928976886776,-0.09505767084487049,5.0
icaif_real_news_costaware_main_20260805_021836_402223_seed42,price_only,fine_sharpe_min02,1,0.53,0.31,0.9587539453652422,0.5093833780160858,0.49635133440075563,0.5617480537862704,0.2632599966587434,0.09651474530831099,0.5833333333333334,1.7036681973094492,0.015765428134916812,0.04118784331803844,5.0
icaif_real_news_costaware_main_20260805_021836_402223_seed42,price_only,fine_sharpe_mdd_min02,1,0.53,0.31,0.9587539453652422,0.5093833780160858,0.49635133440075563,0.5617480537862704,0.2632599966587434,0.09651474530831099,0.5833333333333334,1.7036681973094492,0.015765428134916812,0.04118784331803844,5.0
icaif_real_news_costaware_main_20260805_021836_402223_seed42,price_only,fine_return_sharpe_min02,1,0.53,0.31,0.9587539453652422,0.5093833780160858,0.49635133440075563,0.5617480537862704,0.2632599966587434,0.09651474530831099,0.5833333333333334,1.7036681973094492,0.015765428134916812,0.04118784331803844,5.0
icaif_real_news_costaware_main_20260805_021836_402223_seed42,price_only,selective_sharpe_min01,1,0.53,0.31,0.9587539453652422,0.5093833780160858,0.49635133440075563,0.5617480537862704,0.2632599966587434,0.09651474530831099,0.5833333333333334,1.7036681973094492,0.015765428134916812,0.04118784331803844,5.0
icaif_real_news_costaware_main_20260805_021836_402223_seed42,price_only,fine_sharpe_mdd_min05,2,0.54,0.49,1.438809443604276,0.5415384615384615,0.5304242424242425,0.5646486157590508,0.2499966936184577,0.563076923076923,0.46994535519125685,-0.950339859960638,0.20386064593674272,-0.08822124781935223,5.0
icaif_real_news_costaware_main_20260805_021836_402223_seed42,price_only,fine_sharpe_min02,2,0.54,0.44,1.6472517302793699,0.5415384615384615,0.5304242424242425,0.5646486157590508,0.2499966936184577,0.10153846153846154,0.5454545454545454,0.5210251043269961,0.05298675903787417,0.023081490063552194,5.0
icaif_real_news_costaware_main_20260805_021836_402223_seed42,price_only,fine_sharpe_mdd_min02,2,0.54,0.44,1.6472517302793699,0.5415384615384615,0.5304242424242425,0.5646486157590508,0.2499966936184577,0.10153846153846154,0.5454545454545454,0.5210251043269961,0.05298675903787417,0.023081490063552194,5.0
icaif_real_news_costaware_main_20260805_021836_402223_seed42,price_only,fine_return_sharpe_min02,2,0.54,0.5,1.2567822742854358,0.5415384615384615,0.5304242424242425,0.5646486157590508,0.2499966936184577,0.6861538461538461,0.47533632286995514,-0.5389929920623879,0.2029362376663475,-0.06094598433770311,5.0
icaif_real_news_costaware_main_20260805_021836_402223_seed42,price_only,selective_sharpe_min01,2,0.54,0.44,1.6472517302793699,0.5415384615384615,0.5304242424242425,0.5646486157590508,0.2499966936184577,0.10153846153846154,0.5454545454545454,0.5210251043269961,0.05298675903787417,0.023081490063552194,5.0
icaif_real_news_costaware_main_20260805_021836_402223_seed42,price_only,fine_sharpe_mdd_min05,3,0.54,0.5,3.8976601037377403,0.4967532467532468,0.4747785906815557,0.6164279513888888,0.24962621721851244,0.788961038961039,0.3868312757201646,-3.1137501779933223,0.19924640627429546,-0.18296679707214986,5.0
icaif_real_news_costaware_main_20260805_021836_402223_seed42,price_only,fine_sharpe_min02,3,0.54,0.5,3.8976601037377403,0.4967532467532468,0.4747785906815557,0.6164279513888888,0.24962621721851244,0.788961038961039,0.3868312757201646,-3.1137501779933223,0.19924640627429546,-0.18296679707214986,5.0
icaif_real_news_costaware_main_20260805_021836_402223_seed42,price_only,fine_sharpe_mdd_min02,3,0.54,0.5,3.8976601037377403,0.4967532467532468,0.4747785906815557,0.6164279513888888,0.24962621721851244,0.788961038961039,0.3868312757201646,-3.1137501779933223,0.19924640627429546,-0.18296679707214986,5.0
icaif_real_news_costaware_main_20260805_021836_402223_seed42,price_only,fine_return_sharpe_min02,3,0.54,0.5,3.8976601037377403,0.4967532467532468,0.4747785906815557,0.6164279513888888,0.24962621721851244,0.788961038961039,0.3868312757201646,-3.1137501779933223,0.19924640627429546,-0.18296679707214986,5.0
icaif_real_news_costaware_main_20260805_021836_402223_seed42,price_only,selective_sharpe_min01,3,0.54,0.5,3.8976601037377403,0.4967532467532468,0.4747785906815557,0.6164279513888888,0.24962621721851244,0.788961038961039,0.3868312757201646,-3.1137501779933223,0.19924640627429546,-0.18296679707214986,5.0
icaif_real_news_costaware_main_20260805_021836_402223_seed42,price_only,fine_sharpe_mdd_min05,4,0.5,0.47,3.140258330610739,0.5391061452513967,0.5057524160147262,0.6541186752817055,0.24697846927948716,0.6536312849162011,0.5683760683760684,1.7394455784294547,0.06670480025771774,0.13581619401909995,5.0
icaif_real_news_costaware_main_20260805_021836_402223_seed42,price_only,fine_sharpe_min02,4,0.5,0.47,3.140258330610739,0.5391061452513967,0.5057524160147262,0.6541186752817055,0.24697846927948716,0.6536312849162011,0.5683760683760684,1.7394455784294547,0.06670480025771774,0.13581619401909995,5.0
icaif_real_news_costaware_main_20260805_021836_402223_seed42,price_only,fine_sharpe_mdd_min02,4,0.5,0.47,3.140258330610739,0.5391061452513967,0.5057524160147262,0.6541186752817055,0.24697846927948716,0.6536312849162011,0.5683760683760684,1.7394455784294547,0.06670480025771774,0.13581619401909995,5.0
icaif_real_news_costaware_main_20260805_021836_402223_seed42,price_only,fine_return_sharpe_min02,4,0.5,0.47,3.140258330610739,0.5391061452513967,0.5057524160147262,0.6541186752817055,0.24697846927948716,0.6536312849162011,0.5683760683760684,1.7394455784294547,0.06670480025771774,0.13581619401909995,5.0
icaif_real_news_costaware_main_20260805_021836_402223_seed42,price_only,selective_sharpe_min01,4,0.5,0.47,3.140258330610739,0.5391061452513967,0.5057524160147262,0.6541186752817055,0.24697846927948716,0.6536312849162011,0.5683760683760684,1.7394455784294547,0.06670480025771774,0.13581619401909995,5.0
icaif_real_news_costaware_main_20260805_021836_402223_seed42,early_fusion,fine_sharpe_mdd_min05,0,0.63,0.43,2.3525674256876146,0.5013192612137203,0.41442060085836907,0.43391737572772054,0.25628299025006984,0.047493403693931395,0.2777777777777778,-1.9181916882061183,0.03598384956391908,-0.03470419735930308,5.0
icaif_real_news_costaware_main_20260805_021836_402223_seed42,early_fusion,fine_sharpe_min02,0,0.65,0.43,2.393880133470879,0.5013192612137203,0.41442060085836907,0.43391737572772054,0.25628299025006984,0.0158311345646438,0.16666666666666666,-1.2839419179113931,0.019049592358443723,-0.019121194439815,5.0
icaif_real_news_costaware_main_20260805_021836_402223_seed42,early_fusion,fine_sharpe_mdd_min02,0,0.65,0.43,2.393880133470879,0.5013192612137203,0.41442060085836907,0.43391737572772054,0.25628299025006984,0.0158311345646438,0.16666666666666666,-1.2839419179113931,0.019049592358443723,-0.019121194439815,5.0
icaif_real_news_costaware_main_20260805_021836_402223_seed42,early_fusion,fine_return_sharpe_min02,0,0.63,0.43,2.3525674256876146,0.5013192612137203,0.41442060085836907,0.43391737572772054,0.25628299025006984,0.047493403693931395,0.2777777777777778,-1.9181916882061183,0.03598384956391908,-0.03470419735930308,5.0
icaif_real_news_costaware_main_20260805_021836_402223_seed42,early_fusion,selective_sharpe_min01,0,0.65,0.43,2.393880133470879,0.5013192612137203,0.41442060085836907,0.43391737572772054,0.25628299025006984,0.0158311345646438,0.16666666666666666,-1.2839419179113931,0.019049592358443723,-0.019121194439815,5.0
icaif_real_news_costaware_main_20260805_021836_402223_seed42,early_fusion,fine_sharpe_mdd_min05,1,0.8,0.32,1.012598538810784,0.5388739946380697,0.5332343868226529,0.5819473932531257,0.2684027638111934,0.28150134048257375,0.3904761904761905,-2.996540051402156,0.2067761546640506,-0.1987217724080198,5.0
icaif_real_news_costaware_main_20260805_021836_402223_seed42,early_fusion,fine_sharpe_min02,1,0.8,0.32,1.012598538810784,0.5388739946380697,0.5332343868226529,0.5819473932531257,0.2684027638111934,0.28150134048257375,0.3904761904761905,-2.996540051402156,0.2067761546640506,-0.1987217724080198,5.0
icaif_real_news_costaware_main_20260805_021836_402223_seed42,early_fusion,fine_sharpe_mdd_min02,1,0.8,0.32,1.012598538810784,0.5388739946380697,0.5332343868226529,0.5819473932531257,0.2684027638111934,0.28150134048257375,0.3904761904761905,-2.996540051402156,0.2067761546640506,-0.1987217724080198,5.0
icaif_real_news_costaware_main_20260805_021836_402223_seed42,early_fusion,fine_return_sharpe_min02,1,0.8,0.32,1.012598538810784,0.5388739946380697,0.5332343868226529,0.5819473932531257,0.2684027638111934,0.28150134048257375,0.3904761904761905,-2.996540051402156,0.2067761546640506,-0.1987217724080198,5.0
icaif_real_news_costaware_main_20260805_021836_402223_seed42,early_fusion,selective_sharpe_min01,1,0.8,0.32,1.012598538810784,0.5388739946380697,0.5332343868226529,0.5819473932531257,0.2684027638111934,0.28150134048257375,0.3904761904761905,-2.996540051402156,0.2067761546640506,-0.1987217724080198,5.0
icaif_real_news_costaware_main_20260805_021836_402223_seed42,early_fusion,fine_sharpe_mdd_min05,2,0.74,0.44,3.8576717131007614,0.48923076923076925,0.4870892911469425,0.4947900821417706,0.2774855323345316,0.3476923076923077,0.4690265486725664,-0.5669603672309702,0.13248166081083865,-0.05191272800938373,5.0
icaif_real_news_costaware_main_20260805_021836_402223_seed42,early_fusion,fine_sharpe_min02,2,0.74,0.44,3.8576717131007614,0.48923076923076925,0.4870892911469425,0.4947900821417706,0.2774855323345316,0.3476923076923077,0.4690265486725664,-0.5669603672309702,0.13248166081083865,-0.05191272800938373,5.0
icaif_real_news_costaware_main_20260805_021836_402223_seed42,early_fusion,fine_sharpe_mdd_min02,2,0.74,0.44,3.8576717131007614,0.48923076923076925,0.4870892911469425,0.4947900821417706,0.2774855323345316,0.3476923076923077,0.4690265486725664,-0.5669603672309702,0.13248166081083865,-0.05191272800938373,5.0
icaif_real_news_costaware_main_20260805_021836_402223_seed42,early_fusion,fine_return_sharpe_min02,2,0.74,0.5,3.295145439679954,0.48923076923076925,0.4870892911469425,0.4947900821417706,0.2774855323345316,0.4707692307692308,0.43137254901960786,-1.5774704149845562,0.21153506126326907,-0.19578978943593178,5.0
icaif_real_news_costaware_main_20260805_021836_402223_seed42,early_fusion,selective_sharpe_min01,2,0.74,0.44,3.8576717131007614,0.48923076923076925,0.4870892911469425,0.4947900821417706,0.2774855323345316,0.3476923076923077,0.4690265486725664,-0.5669603672309702,0.13248166081083865,-0.05191272800938373,5.0
icaif_real_news_costaware_main_20260805_021836_402223_seed42,early_fusion,fine_sharpe_mdd_min05,3,0.53,0.48,3.7452311564691056,0.5097402597402597,0.48056067459652646,0.6361545138888889,0.24913720256446573,0.6298701298701299,0.4484536082474227,0.12928285110286883,0.07071658586566963,0.007051053317355782,5.0
icaif_real_news_costaware_main_20260805_021836_402223_seed42,early_fusion,fine_sharpe_min02,3,0.53,0.48,3.7452311564691056,0.5097402597402597,0.48056067459652646,0.6361545138888889,0.24913720256446573,0.6298701298701299,0.4484536082474227,0.12928285110286883,0.07071658586566963,0.007051053317355782,5.0
icaif_real_news_costaware_main_20260805_021836_402223_seed42,early_fusion,fine_sharpe_mdd_min02,3,0.53,0.48,3.7452311564691056,0.5097402597402597,0.48056067459652646,0.6361545138888889,0.24913720256446573,0.6298701298701299,0.4484536082474227,0.12928285110286883,0.07071658586566963,0.007051053317355782,5.0
icaif_real_news_costaware_main_20260805_021836_402223_seed42,early_fusion,fine_return_sharpe_min02,3,0.53,0.49,3.6779621147996613,0.5097402597402597,0.48056067459652646,0.6361545138888889,0.24913720256446573,0.7402597402597403,0.4342105263157895,-0.8081796543168386,0.10839557145017456,-0.04683613131836763,5.0
icaif_real_news_costaware_main_20260805_021836_402223_seed42,early_fusion,selective_sharpe_min01,3,0.53,0.48,3.7452311564691056,0.5097402597402597,0.48056067459652646,0.6361545138888889,0.24913720256446573,0.6298701298701299,0.4484536082474227,0.12928285110286883,0.07071658586566963,0.007051053317355782,5.0
icaif_real_news_costaware_main_20260805_021836_402223_seed42,early_fusion,fine_sharpe_mdd_min05,4,0.5,0.47,2.021385201800256,0.5754189944134078,0.5750874562718641,0.6140712301401504,0.24621211135068075,0.5363128491620112,0.5416666666666666,2.397456554772382,0.060002683838275554,0.179959177518549,5.0
icaif_real_news_costaware_main_20260805_021836_402223_seed42,early_fusion,fine_sharpe_min02,4,0.5,0.47,2.021385201800256,0.5754189944134078,0.5750874562718641,0.6140712301401504,0.24621211135068075,0.5363128491620112,0.5416666666666666,2.397456554772382,0.060002683838275554,0.179959177518549,5.0
icaif_real_news_costaware_main_20260805_021836_402223_seed42,early_fusion,fine_sharpe_mdd_min02,4,0.5,0.47,2.021385201800256,0.5754189944134078,0.5750874562718641,0.6140712301401504,0.24621211135068075,0.5363128491620112,0.5416666666666666,2.397456554772382,0.060002683838275554,0.179959177518549,5.0
icaif_real_news_costaware_main_20260805_021836_402223_seed42,early_fusion,fine_return_sharpe_min02,4,0.5,0.49,1.9136366019221827,0.5754189944134078,0.5750874562718641,0.6140712301401504,0.24621211135068075,0.8184357541899442,0.5460750853242321,1.9872261792650243,0.06800611112300858,0.19326414609682868,5.0
icaif_real_news_costaware_main_20260805_021836_402223_seed42,early_fusion,selective_sharpe_min01,4,0.5,0.47,2.021385201800256,0.5754189944134078,0.5750874562718641,0.6140712301401504,0.24621211135068075,0.5363128491620112,0.5416666666666666,2.397456554772382,0.060002683838275554,0.179959177518549,5.0
icaif_real_news_costaware_main_20260805_021836_402223_seed42,price_web,fine_sharpe_mdd_min05,0,0.66,0.35,2.1941365920533737,0.5197889182058048,0.346898197242842,0.5020152261531572,0.2548906887394302,0.0,0.0,0.0,0.0,0.0,5.0
icaif_real_news_costaware_main_20260805_021836_402223_seed42,price_web,fine_sharpe_min02,0,0.66,0.32,2.2561941323038344,0.5197889182058048,0.346898197242842,0.5020152261531572,0.2548906887394302,0.0,0.0,0.0,0.0,0.0,5.0
icaif_real_news_costaware_main_20260805_021836_402223_seed42,price_web,fine_sharpe_mdd_min02,0,0.66,0.32,2.2561941323038344,0.5197889182058048,0.346898197242842,0.5020152261531572,0.2548906887394302,0.0,0.0,0.0,0.0,0.0,5.0
icaif_real_news_costaware_main_20260805_021836_402223_seed42,price_web,fine_return_sharpe_min02,0,0.66,0.35,2.1941365920533737,0.5197889182058048,0.346898197242842,0.5020152261531572,0.2548906887394302,0.0,0.0,0.0,0.0,0.0,5.0
icaif_real_news_costaware_main_20260805_021836_402223_seed42,price_web,selective_sharpe_min01,0,0.66,0.32,2.2561941323038344,0.5197889182058048,0.346898197242842,0.5020152261531572,0.2548906887394302,0.0,0.0,0.0,0.0,0.0,5.0
icaif_real_news_costaware_main_20260805_021836_402223_seed42,price_web,fine_sharpe_mdd_min05,1,0.57,0.31,0.6044697727227647,0.5442359249329759,0.5432872371074619,0.5458539749941024,0.27961321355432717,0.3941018766756032,0.41496598639455784,-3.1447097120829217,0.23540472550636518,-0.2458249344305048,5.0
icaif_real_news_costaware_main_20260805_021836_402223_seed42,price_web,fine_sharpe_min02,1,0.57,0.26,1.6841723265568727,0.5442359249329759,0.5432872371074619,0.5458539749941024,0.27961321355432717,0.257372654155496,0.3854166666666667,-2.5779333763053556,0.1874367913124885,-0.17407803349672618,5.0
icaif_real_news_costaware_main_20260805_021836_402223_seed42,price_web,fine_sharpe_mdd_min02,1,0.57,0.26,1.6841723265568727,0.5442359249329759,0.5432872371074619,0.5458539749941024,0.27961321355432717,0.257372654155496,0.3854166666666667,-2.5779333763053556,0.1874367913124885,-0.17407803349672618,5.0
icaif_real_news_costaware_main_20260805_021836_402223_seed42,price_web,fine_return_sharpe_min02,1,0.57,0.26,1.6841723265568727,0.5442359249329759,0.5432872371074619,0.5458539749941024,0.27961321355432717,0.257372654155496,0.3854166666666667,-2.5779333763053556,0.1874367913124885,-0.17407803349672618,5.0
icaif_real_news_costaware_main_20260805_021836_402223_seed42,price_web,selective_sharpe_min01,1,0.57,0.26,1.6841723265568727,0.5442359249329759,0.5432872371074619,0.5458539749941024,0.27961321355432717,0.257372654155496,0.3854166666666667,-2.5779333763053556,0.1874367913124885,-0.17407803349672618,5.0
icaif_real_news_costaware_main_20260805_021836_402223_seed42,price_web,fine_sharpe_mdd_min05,2,0.57,0.5,2.521508708293046,0.5507692307692308,0.5194255388105655,0.4818983875874658,0.25678856747622447,0.31384615384615383,0.4803921568627451,-0.8026942525616341,0.07757527064270016,-0.06499703927965009,5.0
icaif_real_news_costaware_main_20260805_021836_402223_seed42,price_web,fine_sharpe_min02,2,0.57,0.5,2.521508708293046,0.5507692307692308,0.5194255388105655,0.4818983875874658,0.25678856747622447,0.31384615384615383,0.4803921568627451,-0.8026942525616341,0.07757527064270016,-0.06499703927965009,5.0
icaif_real_news_costaware_main_20260805_021836_402223_seed42,price_web,fine_sharpe_mdd_min02,2,0.57,0.5,2.521508708293046,0.5507692307692308,0.5194255388105655,0.4818983875874658,0.25678856747622447,0.31384615384615383,0.4803921568627451,-0.8026942525616341,0.07757527064270016,-0.06499703927965009,5.0
icaif_real_news_costaware_main_20260805_021836_402223_seed42,price_web,fine_return_sharpe_min02,2,0.57,0.5,2.521508708293046,0.5507692307692308,0.5194255388105655,0.4818983875874658,0.25678856747622447,0.31384615384615383,0.4803921568627451,-0.8026942525616341,0.07757527064270016,-0.06499703927965009,5.0
icaif_real_news_costaware_main_20260805_021836_402223_seed42,price_web,selective_sharpe_min01,2,0.57,0.5,2.521508708293046,0.5507692307692308,0.5194255388105655,0.4818983875874658,0.25678856747622447,0.31384615384615383,0.4803921568627451,-0.8026942525616341,0.07757527064270016,-0.06499703927965009,5.0
icaif_real_news_costaware_main_20260805_021836_402223_seed42,price_web,fine_sharpe_mdd_min05,3,0.53,0.48,3.2686108132587313,0.525974025974026,0.5059547352230278,0.6426649305555555,0.24915972555152655,0.6136363636363636,0.43386243386243384,-0.6349240198446952,0.07004085272473501,-0.032498466748626414,5.0
icaif_real_news_costaware_main_20260805_021836_402223_seed42,price_web,fine_sharpe_min02,3,0.53,0.48,3.2686108132587313,0.525974025974026,0.5059547352230278,0.6426649305555555,0.24915972555152655,0.6136363636363636,0.43386243386243384,-0.6349240198446952,0.07004085272473501,-0.032498466748626414,5.0
icaif_real_news_costaware_main_20260805_021836_402223_seed42,price_web,fine_sharpe_mdd_min02,3,0.53,0.48,3.2686108132587313,0.525974025974026,0.5059547352230278,0.6426649305555555,0.24915972555152655,0.6136363636363636,0.43386243386243384,-0.6349240198446952,0.07004085272473501,-0.032498466748626414,5.0
icaif_real_news_costaware_main_20260805_021836_402223_seed42,price_web,fine_return_sharpe_min02,3,0.52,0.48,2.630460929537243,0.525974025974026,0.5059547352230278,0.6426649305555555,0.24915972555152655,0.6558441558441559,0.45544554455445546,0.19295800815736458,0.06895583199155202,0.010540819957372173,5.0
icaif_real_news_costaware_main_20260805_021836_402223_seed42,price_web,selective_sharpe_min01,3,0.53,0.48,3.2686108132587313,0.525974025974026,0.5059547352230278,0.6426649305555555,0.24915972555152655,0.6136363636363636,0.43386243386243384,-0.6349240198446952,0.07004085272473501,-0.032498466748626414,5.0
icaif_real_news_costaware_main_20260805_021836_402223_seed42,price_web,fine_sharpe_mdd_min05,4,0.5,0.2,2.047040946307749,0.5921787709497207,0.5900163152610441,0.6236226862690014,0.24573530348539666,0.42178770949720673,0.5761589403973509,2.4548847102223923,0.060002683838275554,0.16067123212285764,5.0
icaif_real_news_costaware_main_20260805_021836_402223_seed42,price_web,fine_sharpe_min02,4,0.5,0.2,2.047040946307749,0.5921787709497207,0.5900163152610441,0.6236226862690014,0.24573530348539666,0.42178770949720673,0.5761589403973509,2.4548847102223923,0.060002683838275554,0.16067123212285764,5.0
icaif_real_news_costaware_main_20260805_021836_402223_seed42,price_web,fine_sharpe_mdd_min02,4,0.5,0.2,2.047040946307749,0.5921787709497207,0.5900163152610441,0.6236226862690014,0.24573530348539666,0.42178770949720673,0.5761589403973509,2.4548847102223923,0.060002683838275554,0.16067123212285764,5.0
icaif_real_news_costaware_main_20260805_021836_402223_seed42,price_web,fine_return_sharpe_min02,4,0.5,0.49,1.797351034011395,0.5921787709497207,0.5900163152610441,0.6236226862690014,0.24573530348539666,0.7402234636871509,0.5509433962264151,1.724730016721431,0.07572361658314224,0.16075323595150587,5.0
icaif_real_news_costaware_main_20260805_021836_402223_seed42,price_web,selective_sharpe_min01,4,0.5,0.2,2.047040946307749,0.5921787709497207,0.5900163152610441,0.6236226862690014,0.24573530348539666,0.42178770949720673,0.5761589403973509,2.4548847102223923,0.060002683838275554,0.16067123212285764,5.0
icaif_real_news_costaware_main_20260805_022944_722327_seed123,cgcma,fine_sharpe_mdd_min05,0,0.61,0.45,3.0183797396625036,0.503957783641161,0.3531483767884378,0.42997089117778775,0.2540987125313999,0.06068601583113457,0.21739130434782608,-3.1853738739054047,0.05093498338355229,-0.052139910630773154,5.0
icaif_real_news_costaware_main_20260805_022944_722327_seed123,cgcma,fine_sharpe_min02,0,0.61,0.45,3.0183797396625036,0.503957783641161,0.3531483767884378,0.42997089117778775,0.2540987125313999,0.06068601583113457,0.21739130434782608,-3.1853738739054047,0.05093498338355229,-0.052139910630773154,5.0
icaif_real_news_costaware_main_20260805_022944_722327_seed123,cgcma,fine_sharpe_mdd_min02,0,0.61,0.45,3.0183797396625036,0.503957783641161,0.3531483767884378,0.42997089117778775,0.2540987125313999,0.06068601583113457,0.21739130434782608,-3.1853738739054047,0.05093498338355229,-0.052139910630773154,5.0
icaif_real_news_costaware_main_20260805_022944_722327_seed123,cgcma,fine_return_sharpe_min02,0,0.61,0.45,3.0183797396625036,0.503957783641161,0.3531483767884378,0.42997089117778775,0.2540987125313999,0.06068601583113457,0.21739130434782608,-3.1853738739054047,0.05093498338355229,-0.052139910630773154,5.0
icaif_real_news_costaware_main_20260805_022944_722327_seed123,cgcma,selective_sharpe_min01,0,0.61,0.45,3.0183797396625036,0.503957783641161,0.3531483767884378,0.42997089117778775,0.2540987125313999,0.06068601583113457,0.21739130434782608,-3.1853738739054047,0.05093498338355229,-0.052139910630773154,5.0
icaif_real_news_costaware_main_20260805_022944_722327_seed123,cgcma,fine_sharpe_mdd_min05,1,0.57,0.28,0.9546629975447054,0.5227882037533512,0.49533292794162365,0.5849846661948572,0.2669216263869478,0.010723860589812333,0.75,0.700424466859193,0.00437096774193548,0.0050248460411001,5.0
icaif_real_news_costaware_main_20260805_022944_722327_seed123,cgcma,fine_sharpe_min02,1,0.57,0.28,0.9546629975447054,0.5227882037533512,0.49533292794162365,0.5849846661948572,0.2669216263869478,0.010723860589812333,0.75,0.700424466859193,0.00437096774193548,0.0050248460411001,5.0
icaif_real_news_costaware_main_20260805_022944_722327_seed123,cgcma,fine_sharpe_mdd_min02,1,0.57,0.28,0.9546629975447054,0.5227882037533512,0.49533292794162365,0.5849846661948572,0.2669216263869478,0.010723860589812333,0.75,0.700424466859193,0.00437096774193548,0.0050248460411001,5.0
icaif_real_news_costaware_main_20260805_022944_722327_seed123,cgcma,fine_return_sharpe_min02,1,0.55,0.28,0.9138670186982215,0.5227882037533512,0.49533292794162365,0.5849846661948572,0.2669216263869478,0.02680965147453083,0.9,1.9667705229266257,0.004370967741935533,0.03631684309228721,5.0
icaif_real_news_costaware_main_20260805_022944_722327_seed123,cgcma,selective_sharpe_min01,1,0.59,0.28,1.7164065025089268,0.5227882037533512,0.49533292794162365,0.5849846661948572,0.2669216263869478,0.00804289544235925,0.6666666666666666,0.11744145714910309,0.004370967741935509,0.0006702420754310001,5.0
icaif_real_news_costaware_main_20260805_022944_722327_seed123,cgcma,fine_sharpe_mdd_min05,2,0.8,0.5,3.8832452433733886,0.5446153846153846,0.5365016959605304,0.5119029510191664,0.2732863051764882,0.40923076923076923,0.48120300751879697,0.38909277965779165,0.10613011106826947,0.039455145605629946,5.0
icaif_real_news_costaware_main_20260805_022944_722327_seed123,cgcma,fine_sharpe_min02,2,0.8,0.5,3.8832452433733886,0.5446153846153846,0.5365016959605304,0.5119029510191664,0.2732863051764882,0.40923076923076923,0.48120300751879697,0.38909277965779165,0.10613011106826947,0.039455145605629946,5.0
icaif_real_news_costaware_main_20260805_022944_722327_seed123,cgcma,fine_sharpe_mdd_min02,2,0.8,0.5,3.8832452433733886,0.5446153846153846,0.5365016959605304,0.5119029510191664,0.2732863051764882,0.40923076923076923,0.48120300751879697,0.38909277965779165,0.10613011106826947,0.039455145605629946,5.0
icaif_real_news_costaware_main_20260805_022944_722327_seed123,cgcma,fine_return_sharpe_min02,2,0.8,0.5,3.8832452433733886,0.5446153846153846,0.5365016959605304,0.5119029510191664,0.2732863051764882,0.40923076923076923,0.48120300751879697,0.38909277965779165,0.10613011106826947,0.039455145605629946,5.0
icaif_real_news_costaware_main_20260805_022944_722327_seed123,cgcma,selective_sharpe_min01,2,0.8,0.5,3.8832452433733886,0.5446153846153846,0.5365016959605304,0.5119029510191664,0.2732863051764882,0.40923076923076923,0.48120300751879697,0.38909277965779165,0.10613011106826947,0.039455145605629946,5.0
icaif_real_news_costaware_main_20260805_022944_722327_seed123,cgcma,fine_sharpe_mdd_min05,3,0.57,0.5,2.1218518030311935,0.6298701298701299,0.5369031917699815,0.6384548611111112,0.24153805125109226,0.13636363636363635,0.6190476190476191,1.63348703684985,0.012968687384005693,0.037969410830936696,5.0
icaif_real_news_costaware_main_20260805_022944_722327_seed123,cgcma,fine_sharpe_min02,3,0.57,0.5,2.1218518030311935,0.6298701298701299,0.5369031917699815,0.6384548611111112,0.24153805125109226,0.13636363636363635,0.6190476190476191,1.63348703684985,0.012968687384005693,0.037969410830936696,5.0
icaif_real_news_costaware_main_20260805_022944_722327_seed123,cgcma,fine_sharpe_mdd_min02,3,0.57,0.5,2.1218518030311935,0.6298701298701299,0.5369031917699815,0.6384548611111112,0.24153805125109226,0.13636363636363635,0.6190476190476191,1.63348703684985,0.012968687384005693,0.037969410830936696,5.0
icaif_real_news_costaware_main_20260805_022944_722327_seed123,cgcma,fine_return_sharpe_min02,3,0.57,0.5,2.1218518030311935,0.6298701298701299,0.5369031917699815,0.6384548611111112,0.24153805125109226,0.13636363636363635,0.6190476190476191,1.63348703684985,0.012968687384005693,0.037969410830936696,5.0
icaif_real_news_costaware_main_20260805_022944_722327_seed123,cgcma,selective_sharpe_min01,3,0.57,0.5,2.1218518030311935,0.6298701298701299,0.5369031917699815,0.6384548611111112,0.24153805125109226,0.13636363636363635,0.6190476190476191,1.63348703684985,0.012968687384005693,0.037969410830936696,5.0
icaif_real_news_costaware_main_20260805_022944_722327_seed123,cgcma,fine_sharpe_mdd_min05,4,0.51,0.45,1.3486537950466553,0.5279329608938548,0.43529433726280814,0.6164747011268221,0.2471430960409131,0.21508379888268156,0.6493506493506493,1.7729236651873526,0.07236985220372064,0.0965680191263828,5.0
icaif_real_news_costaware_main_20260805_022944_722327_seed123,cgcma,fine_sharpe_min02,4,0.51,0.43,2.4014429586837647,0.5279329608938548,0.43529433726280814,0.6164747011268221,0.2471430960409131,0.030726256983240222,0.7272727272727273,1.5580171695476706,0.002601298725939377,0.0268970804962087,5.0
icaif_real_news_costaware_main_20260805_022944_722327_seed123,cgcma,fine_sharpe_mdd_min02,4,0.51,0.43,2.4014429586837647,0.5279329608938548,0.43529433726280814,0.6164747011268221,0.2471430960409131,0.030726256983240222,0.7272727272727273,1.5580171695476706,0.002601298725939377,0.0268970804962087,5.0
icaif_real_news_costaware_main_20260805_022944_722327_seed123,cgcma,fine_return_sharpe_min02,4,0.51,0.46,1.3582500278231324,0.5279329608938548,0.43529433726280814,0.6164747011268221,0.2471430960409131,0.3547486033519553,0.5039370078740157,-0.5877754466801526,0.14288498648367012,-0.04018412174960084,5.0
icaif_real_news_costaware_main_20260805_022944_722327_seed123,cgcma,selective_sharpe_min01,4,0.51,0.43,2.4014429586837647,0.5279329608938548,0.43529433726280814,0.6164747011268221,0.2471430960409131,0.030726256983240222,0.7272727272727273,1.5580171695476706,0.002601298725939377,0.0268970804962087,5.0
icaif_real_news_costaware_main_20260805_022944_722327_seed123,timesnet_lite,fine_sharpe_mdd_min05,0,0.66,0.5,-0.123659640574439,0.5118733509234829,0.33856893542757416,0.5204041648007165,0.2590163275740215,0.14775725593667546,0.35714285714285715,-3.5084313949518156,0.10817189753353233,-0.11097653970138262,5.0
icaif_real_news_costaware_main_20260805_022944_722327_seed123,timesnet_lite,fine_sharpe_min02,0,0.65,0.2,-0.09036318100872874,0.5118733509234829,0.33856893542757416,0.5204041648007165,0.2590163275740215,0.3641160949868074,0.39855072463768115,-3.718144112672198,0.12151379241310416,-0.12128572122636366,5.0
icaif_real_news_costaware_main_20260805_022944_722327_seed123,timesnet_lite,fine_sharpe_mdd_min02,0,0.65,0.2,-0.09036318100872874,0.5118733509234829,0.33856893542757416,0.5204041648007165,0.2590163275740215,0.3641160949868074,0.39855072463768115,-3.718144112672198,0.12151379241310416,-0.12128572122636366,5.0
icaif_real_news_costaware_main_20260805_022944_722327_seed123,timesnet_lite,fine_return_sharpe_min02,0,0.65,0.2,-0.09036318100872874,0.5118733509234829,0.33856893542757416,0.5204041648007165,0.2590163275740215,0.3641160949868074,0.39855072463768115,-3.718144112672198,0.12151379241310416,-0.12128572122636366,5.0
icaif_real_news_costaware_main_20260805_022944_722327_seed123,timesnet_lite,selective_sharpe_min01,0,0.65,0.2,-0.09036318100872874,0.5118733509234829,0.33856893542757416,0.5204041648007165,0.2590163275740215,0.3641160949868074,0.39855072463768115,-3.718144112672198,0.12151379241310416,-0.12128572122636366,5.0
icaif_real_news_costaware_main_20260805_022944_722327_seed123,timesnet_lite,fine_sharpe_mdd_min05,1,0.57,0.4,0.7168329568929915,0.5335120643431636,0.5288763066202091,0.5994338287331918,0.25982314355024444,0.47989276139410186,0.441340782122905,-3.2479156951605144,0.25445034794271815,-0.2785351412207967,5.0
icaif_real_news_costaware_main_20260805_022944_722327_seed123,timesnet_lite,fine_sharpe_min02,1,0.57,0.33,1.0815130979617587,0.5335120643431636,0.5288763066202091,0.5994338287331918,0.25982314355024444,0.09919571045576407,0.4594594594594595,0.49209895022418065,0.022641905870440456,0.011983046967842345,5.0
icaif_real_news_costaware_main_20260805_022944_722327_seed123,timesnet_lite,fine_sharpe_mdd_min02,1,0.57,0.33,1.0815130979617587,0.5335120643431636,0.5288763066202091,0.5994338287331918,0.25982314355024444,0.09919571045576407,0.4594594594594595,0.49209895022418065,0.022641905870440456,0.011983046967842345,5.0
icaif_real_news_costaware_main_20260805_022944_722327_seed123,timesnet_lite,fine_return_sharpe_min02,1,0.57,0.33,1.0815130979617587,0.5335120643431636,0.5288763066202091,0.5994338287331918,0.25982314355024444,0.09919571045576407,0.4594594594594595,0.49209895022418065,0.022641905870440456,0.011983046967842345,5.0
icaif_real_news_costaware_main_20260805_022944_722327_seed123,timesnet_lite,selective_sharpe_min01,1,0.57,0.33,1.0815130979617587,0.5335120643431636,0.5288763066202091,0.5994338287331918,0.25982314355024444,0.09919571045576407,0.4594594594594595,0.49209895022418065,0.022641905870440456,0.011983046967842345,5.0
icaif_real_news_costaware_main_20260805_022944_722327_seed123,timesnet_lite,fine_sharpe_mdd_min05,2,0.55,0.49,2.889335319051476,0.47692307692307695,0.43451649881274057,0.5382947976878613,0.25755437591296765,0.7753846153846153,0.42857142857142855,-2.6748141012868283,0.35470104985683737,-0.3865759718402277,5.0
icaif_real_news_costaware_main_20260805_022944_722327_seed123,timesnet_lite,fine_sharpe_min02,2,0.55,0.49,2.889335319051476,0.47692307692307695,0.43451649881274057,0.5382947976878613,0.25755437591296765,0.7753846153846153,0.42857142857142855,-2.6748141012868283,0.35470104985683737,-0.3865759718402277,5.0
icaif_real_news_costaware_main_20260805_022944_722327_seed123,timesnet_lite,fine_sharpe_mdd_min02,2,0.55,0.49,2.889335319051476,0.47692307692307695,0.43451649881274057,0.5382947976878613,0.25755437591296765,0.7753846153846153,0.42857142857142855,-2.6748141012868283,0.35470104985683737,-0.3865759718402277,5.0
icaif_real_news_costaware_main_20260805_022944_722327_seed123,timesnet_lite,fine_return_sharpe_min02,2,0.55,0.49,2.889335319051476,0.47692307692307695,0.43451649881274057,0.5382947976878613,0.25755437591296765,0.7753846153846153,0.42857142857142855,-2.6748141012868283,0.35470104985683737,-0.3865759718402277,5.0
icaif_real_news_costaware_main_20260805_022944_722327_seed123,timesnet_lite,selective_sharpe_min01,2,0.55,0.49,2.889335319051476,0.47692307692307695,0.43451649881274057,0.5382947976878613,0.25755437591296765,0.7753846153846153,0.42857142857142855,-2.6748141012868283,0.35470104985683737,-0.3865759718402277,5.0
icaif_real_news_costaware_main_20260805_022944_722327_seed123,timesnet_lite,fine_sharpe_mdd_min05,3,0.79,0.5,2.4808198390253624,0.5454545454545454,0.4817307692307692,0.5072916666666667,0.25355095202887235,0.2662337662337662,0.4024390243902439,-2.4620647340142487,0.10023216731766493,-0.08820691569262949,5.0
icaif_real_news_costaware_main_20260805_022944_722327_seed123,timesnet_lite,fine_sharpe_min02,3,0.79,0.5,2.4808198390253624,0.5454545454545454,0.4817307692307692,0.5072916666666667,0.25355095202887235,0.2662337662337662,0.4024390243902439,-2.4620647340142487,0.10023216731766493,-0.08820691569262949,5.0
icaif_real_news_costaware_main_20260805_022944_722327_seed123,timesnet_lite,fine_sharpe_mdd_min02,3,0.79,0.5,2.4808198390253624,0.5454545454545454,0.4817307692307692,0.5072916666666667,0.25355095202887235,0.2662337662337662,0.4024390243902439,-2.4620647340142487,0.10023216731766493,-0.08820691569262949,5.0
icaif_real_news_costaware_main_20260805_022944_722327_seed123,timesnet_lite,fine_return_sharpe_min02,3,0.79,0.5,2.4808198390253624,0.5454545454545454,0.4817307692307692,0.5072916666666667,0.25355095202887235,0.2662337662337662,0.4024390243902439,-2.4620647340142487,0.10023216731766493,-0.08820691569262949,5.0
icaif_real_news_costaware_main_20260805_022944_722327_seed123,timesnet_lite,selective_sharpe_min01,3,0.79,0.5,2.4808198390253624,0.5454545454545454,0.4817307692307692,0.5072916666666667,0.25355095202887235,0.2662337662337662,0.4024390243902439,-2.4620647340142487,0.10023216731766493,-0.08820691569262949,5.0
icaif_real_news_costaware_main_20260805_022944_722327_seed123,timesnet_lite,fine_sharpe_mdd_min05,4,0.54,0.47,3.1783620355149487,0.5670391061452514,0.564562325891631,0.6416018978056622,0.2440123704266753,0.3715083798882682,0.5789473684210527,1.2224447220896466,0.057752595867377216,0.08198725105111723,5.0
icaif_real_news_costaware_main_20260805_022944_722327_seed123,timesnet_lite,fine_sharpe_min02,4,0.54,0.47,3.1783620355149487,0.5670391061452514,0.564562325891631,0.6416018978056622,0.2440123704266753,0.3715083798882682,0.5789473684210527,1.2224447220896466,0.057752595867377216,0.08198725105111723,5.0
icaif_real_news_costaware_main_20260805_022944_722327_seed123,timesnet_lite,fine_sharpe_mdd_min02,4,0.54,0.47,3.1783620355149487,0.5670391061452514,0.564562325891631,0.6416018978056622,0.2440123704266753,0.3715083798882682,0.5789473684210527,1.2224447220896466,0.057752595867377216,0.08198725105111723,5.0
icaif_real_news_costaware_main_20260805_022944_722327_seed123,timesnet_lite,fine_return_sharpe_min02,4,0.51,0.47,3.1325697563992274,0.5670391061452514,0.564562325891631,0.6416018978056622,0.2440123704266753,0.6955307262569832,0.5341365461847389,1.2386823468551178,0.08517108403203327,0.10883039364520194,5.0
icaif_real_news_costaware_main_20260805_022944_722327_seed123,timesnet_lite,selective_sharpe_min01,4,0.54,0.47,3.1783620355149487,0.5670391061452514,0.564562325891631,0.6416018978056622,0.2440123704266753,0.3715083798882682,0.5789473684210527,1.2224447220896466,0.057752595867377216,0.08198725105111723,5.0
icaif_real_news_costaware_main_20260805_022944_722327_seed123,price_only,fine_sharpe_mdd_min05,0,0.66,0.37,1.6763457777648971,0.5118733509234829,0.3697018185740869,0.4627463054187192,0.2697262859983885,0.575197889182058,0.42201834862385323,-2.9583211509804253,0.17315648833495725,-0.16254897556083248,5.0
icaif_real_news_costaware_main_20260805_022944_722327_seed123,price_only,fine_sharpe_min02,0,0.67,0.2,1.8891261126167236,0.5118733509234829,0.3697018185740869,0.4627463054187192,0.2697262859983885,0.38522427440633245,0.3904109589041096,-2.8281554371993485,0.12038521070863191,-0.10588029677552938,5.0
icaif_real_news_costaware_main_20260805_022944_722327_seed123,price_only,fine_sharpe_mdd_min02,0,0.67,0.2,1.8891261126167236,0.5118733509234829,0.3697018185740869,0.4627463054187192,0.2697262859983885,0.38522427440633245,0.3904109589041096,-2.8281554371993485,0.12038521070863191,-0.10588029677552938,5.0
icaif_real_news_costaware_main_20260805_022944_722327_seed123,price_only,fine_return_sharpe_min02,0,0.66,0.37,1.6763457777648971,0.5118733509234829,0.3697018185740869,0.4627463054187192,0.2697262859983885,0.575197889182058,0.42201834862385323,-2.9583211509804253,0.17315648833495725,-0.16254897556083248,5.0
icaif_real_news_costaware_main_20260805_022944_722327_seed123,price_only,selective_sharpe_min01,0,0.67,0.2,1.8891261126167236,0.5118733509234829,0.3697018185740869,0.4627463054187192,0.2697262859983885,0.38522427440633245,0.3904109589041096,-2.8281554371993485,0.12038521070863191,-0.10588029677552938,5.0
icaif_real_news_costaware_main_20260805_022944_722327_seed123,price_only,fine_sharpe_mdd_min05,1,0.58,0.32,0.4367065312389047,0.5281501340482574,0.4939253777366635,0.5322599669733428,0.2562265778918885,0.08579088471849866,0.5,0.4403389590144354,0.0210170430686235,0.0110382649351039,5.0
icaif_real_news_costaware_main_20260805_022944_722327_seed123,price_only,fine_sharpe_min02,1,0.58,0.32,0.4367065312389047,0.5281501340482574,0.4939253777366635,0.5322599669733428,0.2562265778918885,0.08579088471849866,0.5,0.4403389590144354,0.0210170430686235,0.0110382649351039,5.0
icaif_real_news_costaware_main_20260805_022944_722327_seed123,price_only,fine_sharpe_mdd_min02,1,0.58,0.32,0.4367065312389047,0.5281501340482574,0.4939253777366635,0.5322599669733428,0.2562265778918885,0.08579088471849866,0.5,0.4403389590144354,0.0210170430686235,0.0110382649351039,5.0
icaif_real_news_costaware_main_20260805_022944_722327_seed123,price_only,fine_return_sharpe_min02,1,0.58,0.32,0.4367065312389047,0.5281501340482574,0.4939253777366635,0.5322599669733428,0.2562265778918885,0.08579088471849866,0.5,0.4403389590144354,0.0210170430686235,0.0110382649351039,5.0
icaif_real_news_costaware_main_20260805_022944_722327_seed123,price_only,selective_sharpe_min01,1,0.58,0.32,0.4367065312389047,0.5281501340482574,0.4939253777366635,0.5322599669733428,0.2562265778918885,0.08579088471849866,0.5,0.4403389590144354,0.0210170430686235,0.0110382649351039,5.0
icaif_real_news_costaware_main_20260805_022944_722327_seed123,price_only,fine_sharpe_mdd_min05,2,0.53,0.5,-0.05044998810011139,0.5723076923076923,0.5192154191632699,0.5677099178582294,0.24733043884003592,0.2,0.5692307692307692,0.5656509135528347,0.08443950945017861,0.030712299285141194,5.0
icaif_real_news_costaware_main_20260805_022944_722327_seed123,price_only,fine_sharpe_min02,2,0.53,0.44,1.6472517302793699,0.5723076923076923,0.5192154191632699,0.5677099178582294,0.24733043884003592,0.06461538461538462,0.5238095238095238,0.17543654755734067,0.04336296701189581,0.006680538265836994,5.0
icaif_real_news_costaware_main_20260805_022944_722327_seed123,price_only,fine_sharpe_mdd_min02,2,0.53,0.44,1.6472517302793699,0.5723076923076923,0.5192154191632699,0.5677099178582294,0.24733043884003592,0.06461538461538462,0.5238095238095238,0.17543654755734067,0.04336296701189581,0.006680538265836994,5.0
icaif_real_news_costaware_main_20260805_022944_722327_seed123,price_only,fine_return_sharpe_min02,2,0.53,0.44,1.6472517302793699,0.5723076923076923,0.5192154191632699,0.5677099178582294,0.24733043884003592,0.06461538461538462,0.5238095238095238,0.17543654755734067,0.04336296701189581,0.006680538265836994,5.0
icaif_real_news_costaware_main_20260805_022944_722327_seed123,price_only,selective_sharpe_min01,2,0.53,0.44,1.6472517302793699,0.5723076923076923,0.5192154191632699,0.5677099178582294,0.24733043884003592,0.06461538461538462,0.5238095238095238,0.17543654755734067,0.04336296701189581,0.006680538265836994,5.0
icaif_real_news_costaware_main_20260805_022944_722327_seed123,price_only,fine_sharpe_mdd_min05,3,0.52,0.49,2.691575176358318,0.564935064935065,0.5640343093759244,0.6506510416666667,0.2479029920902027,0.3344155844155844,0.47572815533980584,1.4226064693568046,0.038108757082698064,0.05083193636599921,5.0
icaif_real_news_costaware_main_20260805_022944_722327_seed123,price_only,fine_sharpe_min02,3,0.52,0.49,2.691575176358318,0.564935064935065,0.5640343093759244,0.6506510416666667,0.2479029920902027,0.3344155844155844,0.47572815533980584,1.4226064693568046,0.038108757082698064,0.05083193636599921,5.0
icaif_real_news_costaware_main_20260805_022944_722327_seed123,price_only,fine_sharpe_mdd_min02,3,0.52,0.49,2.691575176358318,0.564935064935065,0.5640343093759244,0.6506510416666667,0.2479029920902027,0.3344155844155844,0.47572815533980584,1.4226064693568046,0.038108757082698064,0.05083193636599921,5.0
icaif_real_news_costaware_main_20260805_022944_722327_seed123,price_only,fine_return_sharpe_min02,3,0.51,0.5,2.2485901112017,0.564935064935065,0.5640343093759244,0.6506510416666667,0.2479029920902027,0.6363636363636364,0.4336734693877551,-0.7733382001230293,0.07701586727942103,-0.03999835966917314,5.0
icaif_real_news_costaware_main_20260805_022944_722327_seed123,price_only,selective_sharpe_min01,3,0.52,0.49,2.691575176358318,0.564935064935065,0.5640343093759244,0.6506510416666667,0.2479029920902027,0.3344155844155844,0.47572815533980584,1.4226064693568046,0.038108757082698064,0.05083193636599921,5.0
icaif_real_news_costaware_main_20260805_022944_722327_seed123,price_only,fine_sharpe_mdd_min05,4,0.5,0.47,2.1313740038348015,0.5083798882681564,0.36954172503502103,0.64163311171458,0.24831607642825534,0.4581005586592179,0.5426829268292683,-0.02597112370749054,0.10531524536847188,-0.0019491594199015638,5.0
icaif_real_news_costaware_main_20260805_022944_722327_seed123,price_only,fine_sharpe_min02,4,0.5,0.47,2.1313740038348015,0.5083798882681564,0.36954172503502103,0.64163311171458,0.24831607642825534,0.4581005586592179,0.5426829268292683,-0.02597112370749054,0.10531524536847188,-0.0019491594199015638,5.0
icaif_real_news_costaware_main_20260805_022944_722327_seed123,price_only,fine_sharpe_mdd_min02,4,0.5,0.47,2.1313740038348015,0.5083798882681564,0.36954172503502103,0.64163311171458,0.24831607642825534,0.4581005586592179,0.5426829268292683,-0.02597112370749054,0.10531524536847188,-0.0019491594199015638,5.0
icaif_real_news_costaware_main_20260805_022944_722327_seed123,price_only,fine_return_sharpe_min02,4,0.5,0.47,2.1313740038348015,0.5083798882681564,0.36954172503502103,0.64163311171458,0.24831607642825534,0.4581005586592179,0.5426829268292683,-0.02597112370749054,0.10531524536847188,-0.0019491594199015638,5.0
icaif_real_news_costaware_main_20260805_022944_722327_seed123,price_only,selective_sharpe_min01,4,0.5,0.47,2.1313740038348015,0.5083798882681564,0.36954172503502103,0.64163311171458,0.24831607642825534,0.4581005586592179,0.5426829268292683,-0.02597112370749054,0.10531524536847188,-0.0019491594199015638,5.0
icaif_real_news_costaware_main_20260805_022944_722327_seed123,early_fusion,fine_sharpe_mdd_min05,0,0.61,0.38,2.5270895506422515,0.5145118733509235,0.41700107009095777,0.46117890729959693,0.2534097813968418,0.0,0.0,0.0,0.0,0.0,5.0
icaif_real_news_costaware_main_20260805_022944_722327_seed123,early_fusion,fine_sharpe_min02,0,0.61,0.38,2.5270895506422515,0.5145118733509235,0.41700107009095777,0.46117890729959693,0.2534097813968418,0.0,0.0,0.0,0.0,0.0,5.0
icaif_real_news_costaware_main_20260805_022944_722327_seed123,early_fusion,fine_sharpe_mdd_min02,0,0.61,0.38,2.5270895506422515,0.5145118733509235,0.41700107009095777,0.46117890729959693,0.2534097813968418,0.0,0.0,0.0,0.0,0.0,5.0
icaif_real_news_costaware_main_20260805_022944_722327_seed123,early_fusion,fine_return_sharpe_min02,0,0.61,0.38,2.5270895506422515,0.5145118733509235,0.41700107009095777,0.46117890729959693,0.2534097813968418,0.0,0.0,0.0,0.0,0.0,5.0
icaif_real_news_costaware_main_20260805_022944_722327_seed123,early_fusion,selective_sharpe_min01,0,0.61,0.38,2.5270895506422515,0.5145118733509235,0.41700107009095777,0.46117890729959693,0.2534097813968418,0.0,0.0,0.0,0.0,0.0,5.0
icaif_real_news_costaware_main_20260805_022944_722327_seed123,early_fusion,fine_sharpe_mdd_min05,1,0.67,0.28,-0.7655399860800245,0.5415549597855228,0.5404848528511221,0.552547770700637,0.29412370470976834,0.4932975871313673,0.5054347826086957,-2.5050988491448694,0.2234370847768023,-0.21217889144429342,5.0
icaif_real_news_costaware_main_20260805_022944_722327_seed123,early_fusion,fine_sharpe_min02,1,0.67,0.28,-0.7655399860800245,0.5415549597855228,0.5404848528511221,0.552547770700637,0.29412370470976834,0.4932975871313673,0.5054347826086957,-2.5050988491448694,0.2234370847768023,-0.21217889144429342,5.0
icaif_real_news_costaware_main_20260805_022944_722327_seed123,early_fusion,fine_sharpe_mdd_min02,1,0.67,0.28,-0.7655399860800245,0.5415549597855228,0.5404848528511221,0.552547770700637,0.29412370470976834,0.4932975871313673,0.5054347826086957,-2.5050988491448694,0.2234370847768023,-0.21217889144429342,5.0
icaif_real_news_costaware_main_20260805_022944_722327_seed123,early_fusion,fine_return_sharpe_min02,1,0.73,0.28,-0.773457409849759,0.5415549597855228,0.5404848528511221,0.552547770700637,0.29412370470976834,0.38605898123324395,0.4930555555555556,-2.526546188101592,0.22436522945185972,-0.20115580805168742,5.0
icaif_real_news_costaware_main_20260805_022944_722327_seed123,early_fusion,selective_sharpe_min01,1,0.67,0.28,-0.7655399860800245,0.5415549597855228,0.5404848528511221,0.552547770700637,0.29412370470976834,0.4932975871313673,0.5054347826086957,-2.5050988491448694,0.2234370847768023,-0.21217889144429342,5.0
icaif_real_news_costaware_main_20260805_022944_722327_seed123,early_fusion,fine_sharpe_mdd_min05,2,0.67,0.48,1.5543803298998617,0.5476923076923077,0.5119073160266037,0.5380666261028293,0.24755942346844642,0.14461538461538462,0.574468085106383,0.5090507416019704,0.05293667429044067,0.0336600271330591,5.0
icaif_real_news_costaware_main_20260805_022944_722327_seed123,early_fusion,fine_sharpe_min02,2,0.67,0.45,1.71095547839441,0.5476923076923077,0.5119073160266037,0.5380666261028293,0.24755942346844642,0.08,0.6923076923076923,2.0067819166232876,0.02572796839073531,0.09900636706765789,5.0
icaif_real_news_costaware_main_20260805_022944_722327_seed123,early_fusion,fine_sharpe_mdd_min02,2,0.67,0.45,1.71095547839441,0.5476923076923077,0.5119073160266037,0.5380666261028293,0.24755942346844642,0.08,0.6923076923076923,2.0067819166232876,0.02572796839073531,0.09900636706765789,5.0
icaif_real_news_costaware_main_20260805_022944_722327_seed123,early_fusion,fine_return_sharpe_min02,2,0.67,0.48,1.5543803298998617,0.5476923076923077,0.5119073160266037,0.5380666261028293,0.24755942346844642,0.14461538461538462,0.574468085106383,0.5090507416019704,0.05293667429044067,0.0336600271330591,5.0
icaif_real_news_costaware_main_20260805_022944_722327_seed123,early_fusion,selective_sharpe_min01,2,0.67,0.45,1.71095547839441,0.5476923076923077,0.5119073160266037,0.5380666261028293,0.24755942346844642,0.08,0.6923076923076923,2.0067819166232876,0.02572796839073531,0.09900636706765789,5.0
icaif_real_news_costaware_main_20260805_022944_722327_seed123,early_fusion,fine_sharpe_mdd_min05,3,0.58,0.5,3.2544320613924644,0.5357142857142857,0.5264849755415792,0.6411892361111111,0.24793767754964713,0.7272727272727273,0.40625,-2.4722402261258885,0.161327533422842,-0.14029150105545105,5.0
icaif_real_news_costaware_main_20260805_022944_722327_seed123,early_fusion,fine_sharpe_min02,3,0.58,0.5,3.2544320613924644,0.5357142857142857,0.5264849755415792,0.6411892361111111,0.24793767754964713,0.7272727272727273,0.40625,-2.4722402261258885,0.161327533422842,-0.14029150105545105,5.0
icaif_real_news_costaware_main_20260805_022944_722327_seed123,early_fusion,fine_sharpe_mdd_min02,3,0.58,0.5,3.2544320613924644,0.5357142857142857,0.5264849755415792,0.6411892361111111,0.24793767754964713,0.7272727272727273,0.40625,-2.4722402261258885,0.161327533422842,-0.14029150105545105,5.0
icaif_real_news_costaware_main_20260805_022944_722327_seed123,early_fusion,fine_return_sharpe_min02,3,0.58,0.5,3.2544320613924644,0.5357142857142857,0.5264849755415792,0.6411892361111111,0.24793767754964713,0.7272727272727273,0.40625,-2.4722402261258885,0.161327533422842,-0.14029150105545105,5.0
icaif_real_news_costaware_main_20260805_022944_722327_seed123,early_fusion,selective_sharpe_min01,3,0.58,0.5,3.2544320613924644,0.5357142857142857,0.5264849755415792,0.6411892361111111,0.24793767754964713,0.7272727272727273,0.40625,-2.4722402261258885,0.161327533422842,-0.14029150105545105,5.0
icaif_real_news_costaware_main_20260805_022944_722327_seed123,early_fusion,fine_sharpe_mdd_min05,4,0.5,0.48,2.1346110275749157,0.5837988826815642,0.5751774009859592,0.6484065299497456,0.24682272446658465,0.49162011173184356,0.5852272727272727,2.7025395906660985,0.05478612697656095,0.1939516258172508,5.0
icaif_real_news_costaware_main_20260805_022944_722327_seed123,early_fusion,fine_sharpe_min02,4,0.5,0.48,2.1346110275749157,0.5837988826815642,0.5751774009859592,0.6484065299497456,0.24682272446658465,0.49162011173184356,0.5852272727272727,2.7025395906660985,0.05478612697656095,0.1939516258172508,5.0
icaif_real_news_costaware_main_20260805_022944_722327_seed123,early_fusion,fine_sharpe_mdd_min02,4,0.5,0.48,2.1346110275749157,0.5837988826815642,0.5751774009859592,0.6484065299497456,0.24682272446658465,0.49162011173184356,0.5852272727272727,2.7025395906660985,0.05478612697656095,0.1939516258172508,5.0
icaif_real_news_costaware_main_20260805_022944_722327_seed123,early_fusion,fine_return_sharpe_min02,4,0.5,0.48,2.1346110275749157,0.5837988826815642,0.5751774009859592,0.6484065299497456,0.24682272446658465,0.49162011173184356,0.5852272727272727,2.7025395906660985,0.05478612697656095,0.1939516258172508,5.0
icaif_real_news_costaware_main_20260805_022944_722327_seed123,early_fusion,selective_sharpe_min01,4,0.5,0.48,2.1346110275749157,0.5837988826815642,0.5751774009859592,0.6484065299497456,0.24682272446658465,0.49162011173184356,0.5852272727272727,2.7025395906660985,0.05478612697656095,0.1939516258172508,5.0
icaif_real_news_costaware_main_20260805_022944_722327_seed123,price_web,fine_sharpe_mdd_min05,0,0.63,0.46,2.69205116899411,0.525065963060686,0.34924450549450553,0.43846562919838783,0.25482740535089315,0.04221635883905013,0.4375,-0.9903334432778468,0.01132961972858998,-0.0075213264134707325,5.0
icaif_real_news_costaware_main_20260805_022944_722327_seed123,price_web,fine_sharpe_min02,0,0.63,0.46,2.69205116899411,0.525065963060686,0.34924450549450553,0.43846562919838783,0.25482740535089315,0.04221635883905013,0.4375,-0.9903334432778468,0.01132961972858998,-0.0075213264134707325,5.0
icaif_real_news_costaware_main_20260805_022944_722327_seed123,price_web,fine_sharpe_mdd_min02,0,0.63,0.46,2.69205116899411,0.525065963060686,0.34924450549450553,0.43846562919838783,0.25482740535089315,0.04221635883905013,0.4375,-0.9903334432778468,0.01132961972858998,-0.0075213264134707325,5.0
icaif_real_news_costaware_main_20260805_022944_722327_seed123,price_web,fine_return_sharpe_min02,0,0.63,0.46,2.69205116899411,0.525065963060686,0.34924450549450553,0.43846562919838783,0.25482740535089315,0.04221635883905013,0.4375,-0.9903334432778468,0.01132961972858998,-0.0075213264134707325,5.0
icaif_real_news_costaware_main_20260805_022944_722327_seed123,price_web,selective_sharpe_min01,0,0.63,0.46,2.69205116899411,0.525065963060686,0.34924450549450553,0.43846562919838783,0.25482740535089315,0.04221635883905013,0.4375,-0.9903334432778468,0.01132961972858998,-0.0075213264134707325,5.0
icaif_real_news_costaware_main_20260805_022944_722327_seed123,price_web,fine_sharpe_mdd_min05,1,0.6,0.27,1.7519617400166154,0.5120643431635389,0.5102020202020202,0.5319650861052135,0.27608089666208335,0.16085790884718498,0.48333333333333334,-0.4388363641352008,0.04582359767375488,-0.015688443973718227,5.0
icaif_real_news_costaware_main_20260805_022944_722327_seed123,price_web,fine_sharpe_min02,1,0.6,0.27,1.7519617400166154,0.5120643431635389,0.5102020202020202,0.5319650861052135,0.27608089666208335,0.16085790884718498,0.48333333333333334,-0.4388363641352008,0.04582359767375488,-0.015688443973718227,5.0
icaif_real_news_costaware_main_20260805_022944_722327_seed123,price_web,fine_sharpe_mdd_min02,1,0.6,0.27,1.7519617400166154,0.5120643431635389,0.5102020202020202,0.5319650861052135,0.27608089666208335,0.16085790884718498,0.48333333333333334,-0.4388363641352008,0.04582359767375488,-0.015688443973718227,5.0
icaif_real_news_costaware_main_20260805_022944_722327_seed123,price_web,fine_return_sharpe_min02,1,0.6,0.27,1.7519617400166154,0.5120643431635389,0.5102020202020202,0.5319650861052135,0.27608089666208335,0.16085790884718498,0.48333333333333334,-0.4388363641352008,0.04582359767375488,-0.015688443973718227,5.0
icaif_real_news_costaware_main_20260805_022944_722327_seed123,price_web,selective_sharpe_min01,1,0.6,0.27,1.7519617400166154,0.5120643431635389,0.5102020202020202,0.5319650861052135,0.27608089666208335,0.16085790884718498,0.48333333333333334,-0.4388363641352008,0.04582359767375488,-0.015688443973718227,5.0
icaif_real_news_costaware_main_20260805_022944_722327_seed123,price_web,fine_sharpe_mdd_min05,2,0.54,0.43,2.0022297852762483,0.56,0.5455256647206658,0.5526315789473685,0.2504979040453907,0.1723076923076923,0.5357142857142857,0.5483623714754369,0.06437697097042867,0.02897983288101839,5.0
icaif_real_news_costaware_main_20260805_022944_722327_seed123,price_web,fine_sharpe_min02,2,0.54,0.4,2.0195022904684614,0.56,0.5455256647206658,0.5526315789473685,0.2504979040453907,0.15076923076923077,0.5510204081632653,0.6330315410775206,0.06437697097042867,0.032712720837775294,5.0
icaif_real_news_costaware_main_20260805_022944_722327_seed123,price_web,fine_sharpe_mdd_min02,2,0.54,0.4,2.0195022904684614,0.56,0.5455256647206658,0.5526315789473685,0.2504979040453907,0.15076923076923077,0.5510204081632653,0.6330315410775206,0.06437697097042867,0.032712720837775294,5.0
icaif_real_news_costaware_main_20260805_022944_722327_seed123,price_web,fine_return_sharpe_min02,2,0.54,0.4,2.0195022904684614,0.56,0.5455256647206658,0.5526315789473685,0.2504979040453907,0.15076923076923077,0.5510204081632653,0.6330315410775206,0.06437697097042867,0.032712720837775294,5.0
icaif_real_news_costaware_main_20260805_022944_722327_seed123,price_web,selective_sharpe_min01,2,0.54,0.4,2.0195022904684614,0.56,0.5455256647206658,0.5526315789473685,0.2504979040453907,0.15076923076923077,0.5510204081632653,0.6330315410775206,0.06437697097042867,0.032712720837775294,5.0
icaif_real_news_costaware_main_20260805_022944_722327_seed123,price_web,fine_sharpe_mdd_min05,3,0.56,0.49,3.8622900682776464,0.5584415584415584,0.5565718157181572,0.6489149305555556,0.2456775822740306,0.5746753246753247,0.4406779661016949,-0.8297995224553045,0.08292282196803458,-0.04088594875423513,5.0
icaif_real_news_costaware_main_20260805_022944_722327_seed123,price_web,fine_sharpe_min02,3,0.56,0.49,3.8622900682776464,0.5584415584415584,0.5565718157181572,0.6489149305555556,0.2456775822740306,0.5746753246753247,0.4406779661016949,-0.8297995224553045,0.08292282196803458,-0.04088594875423513,5.0
icaif_real_news_costaware_main_20260805_022944_722327_seed123,price_web,fine_sharpe_mdd_min02,3,0.56,0.49,3.8622900682776464,0.5584415584415584,0.5565718157181572,0.6489149305555556,0.2456775822740306,0.5746753246753247,0.4406779661016949,-0.8297995224553045,0.08292282196803458,-0.04088594875423513,5.0
icaif_real_news_costaware_main_20260805_022944_722327_seed123,price_web,fine_return_sharpe_min02,3,0.56,0.5,3.747190897286388,0.5584415584415584,0.5565718157181572,0.6489149305555556,0.2456775822740306,0.6493506493506493,0.42,-1.3205543060964464,0.10531220153280306,-0.06804520043498574,5.0
icaif_real_news_costaware_main_20260805_022944_722327_seed123,price_web,selective_sharpe_min01,3,0.56,0.49,3.8622900682776464,0.5584415584415584,0.5565718157181572,0.6489149305555556,0.2456775822740306,0.5746753246753247,0.4406779661016949,-0.8297995224553045,0.08292282196803458,-0.04088594875423513,5.0
icaif_real_news_costaware_main_20260805_022944_722327_seed123,price_web,fine_sharpe_mdd_min05,4,0.52,0.44,2.905221799231101,0.553072625698324,0.5448911488955983,0.6372943783750039,0.24376948688680794,0.30446927374301674,0.5871559633027523,1.8310855529104526,0.030434054987375694,0.09018838074988228,5.0
icaif_real_news_costaware_main_20260805_022944_722327_seed123,price_web,fine_sharpe_min02,4,0.52,0.44,2.905221799231101,0.553072625698324,0.5448911488955983,0.6372943783750039,0.24376948688680794,0.30446927374301674,0.5871559633027523,1.8310855529104526,0.030434054987375694,0.09018838074988228,5.0
icaif_real_news_costaware_main_20260805_022944_722327_seed123,price_web,fine_sharpe_mdd_min02,4,0.52,0.44,2.905221799231101,0.553072625698324,0.5448911488955983,0.6372943783750039,0.24376948688680794,0.30446927374301674,0.5871559633027523,1.8310855529104526,0.030434054987375694,0.09018838074988228,5.0
icaif_real_news_costaware_main_20260805_022944_722327_seed123,price_web,fine_return_sharpe_min02,4,0.52,0.45,2.6077169095186794,0.553072625698324,0.5448911488955983,0.6372943783750039,0.24376948688680794,0.4106145251396648,0.6054421768707483,1.9685731018141626,0.04342973796964941,0.11842708262579488,5.0
icaif_real_news_costaware_main_20260805_022944_722327_seed123,price_web,selective_sharpe_min01,4,0.52,0.44,2.905221799231101,0.553072625698324,0.5448911488955983,0.6372943783750039,0.24376948688680794,0.30446927374301674,0.5871559633027523,1.8310855529104526,0.030434054987375694,0.09018838074988228,5.0
